window_start_idx,window_end_idx,start_time,end_time,predicted_class,class_name,confidence
0,512,1970-01-01 00:28:24.069000,1970-01-01 00:28:24.282300,-1,Unclassified,0.3062789738178253
10,522,1970-01-01 00:28:24.132000,1970-01-01 00:28:24.285300,-1,Unclassified,0.3368678689002991
20,532,1970-01-01 00:28:24.135000,1970-01-01 00:28:24.288300,-1,Unclassified,0.35085901618003845
30,542,1970-01-01 00:28:24.138000,1970-01-01 00:28:24.291300,-1,Unclassified,0.32772156596183777
40,552,1970-01-01 00:28:24.141000,1970-01-01 00:28:24.294300,-1,Unclassified,0.3877369165420532
50,562,1970-01-01 00:28:24.144000,1970-01-01 00:28:24.297300,-1,Unclassified,0.32248175144195557
60,572,1970-01-01 00:28:24.147000,1970-01-01 00:28:24.300300,-1,Unclassified,0.37101757526397705
70,582,1970-01-01 00:28:24.150000,1970-01-01 00:28:24.303300,-1,Unclassified,0.36180350184440613
80,592,1970-01-01 00:28:24.153000,1970-01-01 00:28:24.306300,-1,Unclassified,0.36971303820610046
90,602,1970-01-01 00:28:24.156000,1970-01-01 00:28:24.309300,-1,Unclassified,0.3649764955043793
100,612,1970-01-01 00:28:24.159000,1970-01-01 00:28:24.312300,-1,Unclassified,0.3989565968513489
110,622,1970-01-01 00:28:24.162000,1970-01-01 00:28:24.315300,-1,Unclassified,0.3592667579650879
120,632,1970-01-01 00:28:24.165000,1970-01-01 00:28:24.318300,-1,Unclassified,0.36968085169792175
130,642,1970-01-01 00:28:24.168000,1970-01-01 00:28:24.321300,-1,Unclassified,0.3465483486652374
140,652,1970-01-01 00:28:24.171000,1970-01-01 00:28:24.324300,-1,Unclassified,0.33903202414512634
150,662,1970-01-01 00:28:24.174000,1970-01-01 00:28:24.327300,-1,Unclassified,0.35947370529174805
160,672,1970-01-01 00:28:24.177000,1970-01-01 00:28:24.330300,-1,Unclassified,0.3102723956108093
170,682,1970-01-01 00:28:24.180000,1970-01-01 00:28:24.333300,-1,Unclassified,0.3494155704975128
180,692,1970-01-01 00:28:24.183000,1970-01-01 00:28:24.336300,-1,Unclassified,0.31218674778938293
190,702,1970-01-01 00:28:24.186000,1970-01-01 00:28:24.339300,-1,Unclassified,0.4533540606498718
200,712,1970-01-01 00:28:24.189000,1970-01-01 00:28:24.342300,-1,Unclassified,0.36199435591697693
210,722,1970-01-01 00:28:24.192000,1970-01-01 00:28:24.345300,-1,Unclassified,0.4408554136753082
220,732,1970-01-01 00:28:24.195000,1970-01-01 00:28:24.348300,-1,Unclassified,0.3581938147544861
230,742,1970-01-01 00:28:24.198000,1970-01-01 00:28:24.351300,-1,Unclassified,0.32604116201400757
240,752,1970-01-01 00:28:24.201000,1970-01-01 00:28:24.354300,-1,Unclassified,0.2839660048484802
250,762,1970-01-01 00:28:24.204000,1970-01-01 00:28:24.357300,-1,Unclassified,0.39303362369537354
260,772,1970-01-01 00:28:24.207000,1970-01-01 00:28:24.360300,-1,Unclassified,0.3559838533401489
270,782,1970-01-01 00:28:24.210000,1970-01-01 00:28:24.363300,-1,Unclassified,0.5052977800369263
280,792,1970-01-01 00:28:24.213000,1970-01-01 00:28:24.366300,-1,Unclassified,0.31635308265686035
290,802,1970-01-01 00:28:24.216000,1970-01-01 00:28:24.369300,-1,Unclassified,0.32093292474746704
300,812,1970-01-01 00:28:24.219000,1970-01-01 00:28:24.372300,-1,Unclassified,0.3111240267753601
310,822,1970-01-01 00:28:24.222000,1970-01-01 00:28:24.375300,-1,Unclassified,0.3649061918258667
320,832,1970-01-01 00:28:24.225000,1970-01-01 00:28:24.378300,-1,Unclassified,0.2699616253376007
330,842,1970-01-01 00:28:24.228000,1970-01-01 00:28:24.381300,-1,Unclassified,0.42812445759773254
340,852,1970-01-01 00:28:24.231000,1970-01-01 00:28:24.384300,-1,Unclassified,0.5130117535591125
350,862,1970-01-01 00:28:24.234000,1970-01-01 00:28:24.387300,-1,Unclassified,0.49635469913482666
360,872,1970-01-01 00:28:24.237000,1970-01-01 00:28:24.390300,-1,Unclassified,0.3060208857059479
370,882,1970-01-01 00:28:24.240000,1970-01-01 00:28:24.393300,-1,Unclassified,0.39260032773017883
380,892,1970-01-01 00:28:24.243000,1970-01-01 00:28:24.396300,-1,Unclassified,0.32995685935020447
390,902,1970-01-01 00:28:24.246000,1970-01-01 00:28:24.399300,-1,Unclassified,0.3553941547870636
400,912,1970-01-01 00:28:24.249000,1970-01-01 00:28:24.402300,-1,Unclassified,0.2722353935241699
410,922,1970-01-01 00:28:24.252000,1970-01-01 00:28:24.405300,-1,Unclassified,0.3429596424102783
420,932,1970-01-01 00:28:24.255000,1970-01-01 00:28:24.408300,-1,Unclassified,0.32474663853645325
430,942,1970-01-01 00:28:24.258000,1970-01-01 00:28:24.411300,-1,Unclassified,0.34928980469703674
440,952,1970-01-01 00:28:24.261000,1970-01-01 00:28:24.414300,-1,Unclassified,0.3161008656024933
450,962,1970-01-01 00:28:24.264000,1970-01-01 00:28:24.417300,-1,Unclassified,0.3682839274406433
460,972,1970-01-01 00:28:24.267000,1970-01-01 00:28:24.420300,-1,Unclassified,0.3649759888648987
470,982,1970-01-01 00:28:24.270000,1970-01-01 00:28:24.423300,-1,Unclassified,0.35564395785331726
480,992,1970-01-01 00:28:24.273000,1970-01-01 00:28:24.426300,-1,Unclassified,0.2373226135969162
490,1002,1970-01-01 00:28:24.276000,1970-01-01 00:28:24.429300,-1,Unclassified,0.3144610822200775
500,1012,1970-01-01 00:28:24.279000,1970-01-01 00:28:24.432300,-1,Unclassified,0.2632904052734375
510,1022,1970-01-01 00:28:24.282000,1970-01-01 00:28:24.435300,-1,Unclassified,0.3350432515144348
520,1032,1970-01-01 00:28:24.285000,1970-01-01 00:28:24.438300,-1,Unclassified,0.20536570250988007
530,1042,1970-01-01 00:28:24.288000,1970-01-01 00:28:24.441300,-1,Unclassified,0.3397234380245209
540,1052,1970-01-01 00:28:24.291000,1970-01-01 00:28:24.444300,-1,Unclassified,0.26366469264030457
550,1062,1970-01-01 00:28:24.294000,1970-01-01 00:28:24.447300,-1,Unclassified,0.29488030076026917
560,1072,1970-01-01 00:28:24.297000,1970-01-01 00:28:24.450300,-1,Unclassified,0.24905136227607727
570,1082,1970-01-01 00:28:24.300000,1970-01-01 00:28:24.453300,-1,Unclassified,0.37036648392677307
580,1092,1970-01-01 00:28:24.303000,1970-01-01 00:28:24.456300,-1,Unclassified,0.26803597807884216
590,1102,1970-01-01 00:28:24.306000,1970-01-01 00:28:24.459300,-1,Unclassified,0.3512062132358551
600,1112,1970-01-01 00:28:24.309000,1970-01-01 00:28:24.462300,-1,Unclassified,0.2695639431476593
610,1122,1970-01-01 00:28:24.312000,1970-01-01 00:28:24.465300,-1,Unclassified,0.4650183320045471
620,1132,1970-01-01 00:28:24.315000,1970-01-01 00:28:24.468300,-1,Unclassified,0.4058951735496521
630,1142,1970-01-01 00:28:24.318000,1970-01-01 00:28:24.471300,-1,Unclassified,0.48452839255332947
640,1152,1970-01-01 00:28:24.321000,1970-01-01 00:28:24.474300,-1,Unclassified,0.2980339229106903
650,1162,1970-01-01 00:28:24.324000,1970-01-01 00:28:24.477300,-1,Unclassified,0.432202011346817
660,1172,1970-01-01 00:28:24.327000,1970-01-01 00:28:24.480300,-1,Unclassified,0.3248801827430725
670,1182,1970-01-01 00:28:24.330000,1970-01-01 00:28:24.483300,-1,Unclassified,0.44606176018714905
680,1192,1970-01-01 00:28:24.333000,1970-01-01 00:28:24.486300,-1,Unclassified,0.2985774576663971
690,1202,1970-01-01 00:28:24.336000,1970-01-01 00:28:24.489300,-1,Unclassified,0.4517457187175751
700,1212,1970-01-01 00:28:24.339000,1970-01-01 00:28:24.665100,-1,Unclassified,0.29910627007484436
710,1222,1970-01-01 00:28:24.342000,1970-01-01 00:28:24.668100,-1,Unclassified,0.445045530796051
720,1232,1970-01-01 00:28:24.345000,1970-01-01 00:28:24.671100,-1,Unclassified,0.2959388494491577
730,1242,1970-01-01 00:28:24.348000,1970-01-01 00:28:24.674100,-1,Unclassified,0.4379138648509979
740,1252,1970-01-01 00:28:24.351000,1970-01-01 00:28:24.677100,-1,Unclassified,0.2960587441921234
750,1262,1970-01-01 00:28:24.354000,1970-01-01 00:28:24.680100,-1,Unclassified,0.45407161116600037
760,1272,1970-01-01 00:28:24.357000,1970-01-01 00:28:24.683100,-1,Unclassified,0.3242206871509552
770,1282,1970-01-01 00:28:24.360000,1970-01-01 00:28:24.686100,-1,Unclassified,0.5180984139442444
780,1292,1970-01-01 00:28:24.363000,1970-01-01 00:28:24.689100,-1,Unclassified,0.3468230366706848
790,1302,1970-01-01 00:28:24.366000,1970-01-01 00:28:24.692100,-1,Unclassified,0.5297760367393494
800,1312,1970-01-01 00:28:24.369000,1970-01-01 00:28:24.695100,-1,Unclassified,0.35310184955596924
810,1322,1970-01-01 00:28:24.372000,1970-01-01 00:28:24.698100,-1,Unclassified,0.5054317116737366
820,1332,1970-01-01 00:28:24.375000,1970-01-01 00:28:24.701100,-1,Unclassified,0.33678531646728516
830,1342,1970-01-01 00:28:24.378000,1970-01-01 00:28:24.704100,3,Bullish Normal,0.5630090236663818
840,1352,1970-01-01 00:28:24.381000,1970-01-01 00:28:24.707100,-1,Unclassified,0.35202258825302124
850,1362,1970-01-01 00:28:24.384000,1970-01-01 00:28:24.710100,-1,Unclassified,0.5011183023452759
860,1372,1970-01-01 00:28:24.387000,1970-01-01 00:28:24.713100,-1,Unclassified,0.3646799325942993
870,1382,1970-01-01 00:28:24.390000,1970-01-01 00:28:24.716100,-1,Unclassified,0.4787837266921997
880,1392,1970-01-01 00:28:24.393000,1970-01-01 00:28:24.719100,-1,Unclassified,0.36211079359054565
890,1402,1970-01-01 00:28:24.396000,1970-01-01 00:28:24.722100,-1,Unclassified,0.4879811704158783
900,1412,1970-01-01 00:28:24.399000,1970-01-01 00:28:24.725100,-1,Unclassified,0.3466987907886505
910,1422,1970-01-01 00:28:24.402000,1970-01-01 00:28:24.728100,-1,Unclassified,0.5426833629608154
920,1432,1970-01-01 00:28:24.405000,1970-01-01 00:28:24.731100,-1,Unclassified,0.5149155855178833
930,1442,1970-01-01 00:28:24.408000,1970-01-01 00:28:24.734100,3,Bullish Normal,0.5793434977531433
940,1452,1970-01-01 00:28:24.411000,1970-01-01 00:28:24.737100,-1,Unclassified,0.38275885581970215
950,1462,1970-01-01 00:28:24.414000,1970-01-01 00:28:24.740100,-1,Unclassified,0.48240387439727783
960,1472,1970-01-01 00:28:24.417000,1970-01-01 00:28:24.743100,-1,Unclassified,0.32870718836784363
970,1482,1970-01-01 00:28:24.420000,1970-01-01 00:28:24.746100,-1,Unclassified,0.43444252014160156
980,1492,1970-01-01 00:28:24.423000,1970-01-01 00:28:24.749100,-1,Unclassified,0.32024839520454407
990,1502,1970-01-01 00:28:24.426000,1970-01-01 00:28:24.752100,-1,Unclassified,0.5171627998352051
1000,1512,1970-01-01 00:28:24.429000,1970-01-01 00:28:24.755100,-1,Unclassified,0.32878318428993225
1010,1522,1970-01-01 00:28:24.432000,1970-01-01 00:28:24.758100,-1,Unclassified,0.445299357175827
1020,1532,1970-01-01 00:28:24.435000,1970-01-01 00:28:24.761100,-1,Unclassified,0.29870912432670593
1030,1542,1970-01-01 00:28:24.438000,1970-01-01 00:28:24.764100,-1,Unclassified,0.40418440103530884
1040,1552,1970-01-01 00:28:24.441000,1970-01-01 00:28:24.767100,-1,Unclassified,0.3715023696422577
1050,1562,1970-01-01 00:28:24.444000,1970-01-01 00:28:24.770100,-1,Unclassified,0.47252920269966125
1060,1572,1970-01-01 00:28:24.447000,1970-01-01 00:28:24.773100,-1,Unclassified,0.36865806579589844
1070,1582,1970-01-01 00:28:24.450000,1970-01-01 00:28:24.776100,-1,Unclassified,0.45480233430862427
1080,1592,1970-01-01 00:28:24.453000,1970-01-01 00:28:24.779100,-1,Unclassified,0.300561785697937
1090,1602,1970-01-01 00:28:24.456000,1970-01-01 00:28:24.782100,-1,Unclassified,0.45510825514793396
1100,1612,1970-01-01 00:28:24.459000,1970-01-01 00:28:24.785100,-1,Unclassified,0.31567949056625366
1110,1622,1970-01-01 00:28:24.462000,1970-01-01 00:28:24.788100,-1,Unclassified,0.3946002721786499
1120,1632,1970-01-01 00:28:24.465000,1970-01-01 00:28:24.791100,-1,Unclassified,0.5448489189147949
1130,1642,1970-01-01 00:28:24.468000,1970-01-01 00:28:24.794100,-1,Unclassified,0.3661474287509918
1140,1652,1970-01-01 00:28:24.471000,1970-01-01 00:28:24.797100,-1,Unclassified,0.45957431197166443
1150,1662,1970-01-01 00:28:24.474000,1970-01-01 00:28:24.800100,-1,Unclassified,0.282265841960907
1160,1672,1970-01-01 00:28:24.477000,1970-01-01 00:28:24.803100,-1,Unclassified,0.30494260787963867
1170,1682,1970-01-01 00:28:24.480000,1970-01-01 00:28:24.806100,-1,Unclassified,0.2573094666004181
1180,1692,1970-01-01 00:28:24.483000,1970-01-01 00:28:24.809100,-1,Unclassified,0.2973373830318451
1190,1702,1970-01-01 00:28:24.486000,1970-01-01 00:28:24.812100,-1,Unclassified,0.2586544454097748
1200,1712,1970-01-01 00:28:24.489000,1970-01-01 00:28:24.815100,-1,Unclassified,0.28128910064697266
1210,1722,1970-01-01 00:28:24.664800,1970-01-01 00:28:24.818100,-1,Unclassified,0.33791792392730713
1220,1732,1970-01-01 00:28:24.667800,1970-01-01 00:28:24.821100,-1,Unclassified,0.28042739629745483
1230,1742,1970-01-01 00:28:24.670800,1970-01-01 00:28:24.824100,-1,Unclassified,0.24712172150611877
1240,1752,1970-01-01 00:28:24.673800,1970-01-01 00:28:24.827100,-1,Unclassified,0.2656155824661255
1250,1762,1970-01-01 00:28:24.676800,1970-01-01 00:28:24.830100,-1,Unclassified,0.27098509669303894
1260,1772,1970-01-01 00:28:24.679800,1970-01-01 00:28:24.833100,-1,Unclassified,0.266950786113739
1270,1782,1970-01-01 00:28:24.682800,1970-01-01 00:28:24.836100,-1,Unclassified,0.3039492964744568
1280,1792,1970-01-01 00:28:24.685800,1970-01-01 00:28:24.839100,-1,Unclassified,0.33563414216041565
1290,1802,1970-01-01 00:28:24.688800,1970-01-01 00:28:24.842100,-1,Unclassified,0.3222731053829193
1300,1812,1970-01-01 00:28:24.691800,1970-01-01 00:28:24.845100,-1,Unclassified,0.3111732006072998
1310,1822,1970-01-01 00:28:24.694800,1970-01-01 00:28:24.848100,-1,Unclassified,0.28407394886016846
1320,1832,1970-01-01 00:28:24.697800,1970-01-01 00:28:24.851100,-1,Unclassified,0.27572235465049744
1330,1842,1970-01-01 00:28:24.700800,1970-01-01 00:28:24.854100,-1,Unclassified,0.3052370846271515
1340,1852,1970-01-01 00:28:24.703800,1970-01-01 00:28:24.857100,-1,Unclassified,0.32689759135246277
1350,1862,1970-01-01 00:28:24.706800,1970-01-01 00:28:24.860100,-1,Unclassified,0.2932334244251251
1360,1872,1970-01-01 00:28:24.709800,1970-01-01 00:28:24.863100,-1,Unclassified,0.23041220009326935
1370,1882,1970-01-01 00:28:24.712800,1970-01-01 00:28:24.866100,-1,Unclassified,0.2541465163230896
1380,1892,1970-01-01 00:28:24.715800,1970-01-01 00:28:24.869100,-1,Unclassified,0.24096719920635223
1390,1902,1970-01-01 00:28:24.718800,1970-01-01 00:28:24.872100,-1,Unclassified,0.2188018262386322
1400,1912,1970-01-01 00:28:24.721800,1970-01-01 00:28:24.875100,-1,Unclassified,0.2901756763458252
1410,1922,1970-01-01 00:28:24.724800,1970-01-01 00:28:24.878100,-1,Unclassified,0.2564036250114441
1420,1932,1970-01-01 00:28:24.727800,1970-01-01 00:28:24.881100,-1,Unclassified,0.4243599772453308
1430,1942,1970-01-01 00:28:24.730800,1970-01-01 00:28:24.884100,-1,Unclassified,0.40665683150291443
1440,1952,1970-01-01 00:28:24.733800,1970-01-01 00:28:24.887100,-1,Unclassified,0.40160173177719116
1450,1962,1970-01-01 00:28:24.736800,1970-01-01 00:28:24.890100,-1,Unclassified,0.36955562233924866
1460,1972,1970-01-01 00:28:24.739800,1970-01-01 00:28:24.893100,-1,Unclassified,0.24815773963928223
1470,1982,1970-01-01 00:28:24.742800,1970-01-01 00:28:24.896100,-1,Unclassified,0.3704109191894531
1480,1992,1970-01-01 00:28:24.745800,1970-01-01 00:28:24.899100,-1,Unclassified,0.2782408595085144
1490,2002,1970-01-01 00:28:24.748800,1970-01-01 00:28:24.902100,-1,Unclassified,0.45580416917800903
1500,2012,1970-01-01 00:28:24.751800,1970-01-01 00:28:24.905100,-1,Unclassified,0.42982885241508484
1510,2022,1970-01-01 00:28:24.754800,1970-01-01 00:28:24.908100,-1,Unclassified,0.24787157773971558
1520,2032,1970-01-01 00:28:24.757800,1970-01-01 00:28:24.911100,-1,Unclassified,0.35526955127716064
1530,2042,1970-01-01 00:28:24.760800,1970-01-01 00:28:24.914100,-1,Unclassified,0.2636635899543762
1540,2052,1970-01-01 00:28:24.763800,1970-01-01 00:28:24.917100,-1,Unclassified,0.31485626101493835
1550,2062,1970-01-01 00:28:24.766800,1970-01-01 00:28:24.920100,-1,Unclassified,0.31933870911598206
1560,2072,1970-01-01 00:28:24.769800,1970-01-01 00:28:24.923100,-1,Unclassified,0.2919236123561859
1570,2082,1970-01-01 00:28:24.772800,1970-01-01 00:28:24.926100,-1,Unclassified,0.3051464259624481
1580,2092,1970-01-01 00:28:24.775800,1970-01-01 00:28:24.929100,-1,Unclassified,0.31293031573295593
1590,2102,1970-01-01 00:28:24.778800,1970-01-01 00:28:24.932100,-1,Unclassified,0.3723055422306061
1600,2112,1970-01-01 00:28:24.781800,1970-01-01 00:28:24.935100,-1,Unclassified,0.3987743556499481
1610,2122,1970-01-01 00:28:24.784800,1970-01-01 00:28:24.938100,-1,Unclassified,0.31831276416778564
1620,2132,1970-01-01 00:28:24.787800,1970-01-01 00:28:24.941100,-1,Unclassified,0.3593018054962158
1630,2142,1970-01-01 00:28:24.790800,1970-01-01 00:28:24.944100,-1,Unclassified,0.3298296630382538
1640,2152,1970-01-01 00:28:24.793800,1970-01-01 00:28:24.947100,-1,Unclassified,0.35808321833610535
1650,2162,1970-01-01 00:28:24.796800,1970-01-01 00:28:24.950100,-1,Unclassified,0.309578001499176
1660,2172,1970-01-01 00:28:24.799800,1970-01-01 00:28:24.953100,-1,Unclassified,0.3148074746131897
1670,2182,1970-01-01 00:28:24.802800,1970-01-01 00:28:24.956100,-1,Unclassified,0.3151141405105591
1680,2192,1970-01-01 00:28:24.805800,1970-01-01 00:28:24.959100,-1,Unclassified,0.33696767687797546
1690,2202,1970-01-01 00:28:24.808800,1970-01-01 00:28:24.962100,-1,Unclassified,0.31729555130004883
1700,2212,1970-01-01 00:28:24.811800,1970-01-01 00:28:24.965100,-1,Unclassified,0.2645852565765381
1710,2222,1970-01-01 00:28:24.814800,1970-01-01 00:28:24.968100,-1,Unclassified,0.2775024175643921
1720,2232,1970-01-01 00:28:24.817800,1970-01-01 00:28:24.971100,-1,Unclassified,0.348574697971344
1730,2242,1970-01-01 00:28:24.820800,1970-01-01 00:28:24.974100,-1,Unclassified,0.3951551616191864
1740,2252,1970-01-01 00:28:24.823800,1970-01-01 00:28:24.977100,-1,Unclassified,0.30844059586524963
1750,2262,1970-01-01 00:28:24.826800,1970-01-01 00:28:24.980100,-1,Unclassified,0.3470246195793152
1760,2272,1970-01-01 00:28:24.829800,1970-01-01 00:28:24.983100,-1,Unclassified,0.3458850085735321
1770,2282,1970-01-01 00:28:24.832800,1970-01-01 00:28:24.986100,-1,Unclassified,0.3441404104232788
1780,2292,1970-01-01 00:28:24.835800,1970-01-01 00:28:24.989100,-1,Unclassified,0.37749767303466797
1790,2302,1970-01-01 00:28:24.838800,1970-01-01 00:28:24.992100,-1,Unclassified,0.3510436415672302
1800,2312,1970-01-01 00:28:24.841800,1970-01-01 00:28:24.995100,-1,Unclassified,0.34445682168006897
1810,2322,1970-01-01 00:28:24.844800,1970-01-01 00:28:24.998100,-1,Unclassified,0.4365386664867401
1820,2332,1970-01-01 00:28:24.847800,1970-01-01 00:28:25.001100,-1,Unclassified,0.539133608341217
1830,2342,1970-01-01 00:28:24.850800,1970-01-01 00:28:25.004100,-1,Unclassified,0.5124461650848389
1840,2352,1970-01-01 00:28:24.853800,1970-01-01 00:28:25.007100,-1,Unclassified,0.5093371868133545
1850,2362,1970-01-01 00:28:24.856800,1970-01-01 00:28:25.010100,3,Bullish Normal,0.5963264107704163
1860,2372,1970-01-01 00:28:24.859800,1970-01-01 00:28:25.013100,-1,Unclassified,0.5252082347869873
1870,2382,1970-01-01 00:28:24.862800,1970-01-01 00:28:25.016100,3,Bullish Normal,0.5803009271621704
1880,2392,1970-01-01 00:28:24.865800,1970-01-01 00:28:25.019100,3,Bullish Normal,0.5969541072845459
1890,2402,1970-01-01 00:28:24.868800,1970-01-01 00:28:25.022100,-1,Unclassified,0.500830352306366
1900,2412,1970-01-01 00:28:24.871800,1970-01-01 00:28:25.025100,3,Bullish Normal,0.5673429369926453
1910,2422,1970-01-01 00:28:24.874800,1970-01-01 00:28:25.028100,3,Bullish Normal,0.5830703973770142
1920,2432,1970-01-01 00:28:24.877800,1970-01-01 00:28:25.031100,-1,Unclassified,0.4953148066997528
1930,2442,1970-01-01 00:28:24.880800,1970-01-01 00:28:25.034100,-1,Unclassified,0.459712415933609
1940,2452,1970-01-01 00:28:24.883800,1970-01-01 00:28:25.037100,-1,Unclassified,0.5165107846260071
1950,2462,1970-01-01 00:28:24.886800,1970-01-01 00:28:25.040100,-1,Unclassified,0.5444270372390747
1960,2472,1970-01-01 00:28:24.889800,1970-01-01 00:28:25.043100,-1,Unclassified,0.4847796559333801
1970,2482,1970-01-01 00:28:24.892800,1970-01-01 00:28:25.046100,-1,Unclassified,0.4560035169124603
1980,2492,1970-01-01 00:28:24.895800,1970-01-01 00:28:25.049100,3,Bullish Normal,0.550413966178894
1990,2502,1970-01-01 00:28:24.898800,1970-01-01 00:28:25.052100,-1,Unclassified,0.4650970697402954
2000,2512,1970-01-01 00:28:24.901800,1970-01-01 00:28:25.055100,-1,Unclassified,0.3780366778373718
2010,2522,1970-01-01 00:28:24.904800,1970-01-01 00:28:25.058100,-1,Unclassified,0.389517217874527
2020,2532,1970-01-01 00:28:24.907800,1970-01-01 00:28:25.061100,-1,Unclassified,0.3411009907722473
2030,2542,1970-01-01 00:28:24.910800,1970-01-01 00:28:25.064100,-1,Unclassified,0.2961803078651428
2040,2552,1970-01-01 00:28:24.913800,1970-01-01 00:28:25.067100,-1,Unclassified,0.37059491872787476
2050,2562,1970-01-01 00:28:24.916800,1970-01-01 00:28:25.070100,-1,Unclassified,0.5239972472190857
2060,2572,1970-01-01 00:28:24.919800,1970-01-01 00:28:25.073100,3,Bullish Normal,0.6306796073913574
2070,2582,1970-01-01 00:28:24.922800,1970-01-01 00:28:25.076100,-1,Unclassified,0.38880452513694763
2080,2592,1970-01-01 00:28:24.925800,1970-01-01 00:28:25.079100,-1,Unclassified,0.33485081791877747
2090,2602,1970-01-01 00:28:24.928800,1970-01-01 00:28:25.082100,-1,Unclassified,0.33321043848991394
2100,2612,1970-01-01 00:28:24.931800,1970-01-01 00:28:25.085100,-1,Unclassified,0.3599123954772949
2110,2622,1970-01-01 00:28:24.934800,1970-01-01 00:28:25.088100,-1,Unclassified,0.33343246579170227
2120,2632,1970-01-01 00:28:24.937800,1970-01-01 00:28:25.091100,-1,Unclassified,0.38837823271751404
2130,2642,1970-01-01 00:28:24.940800,1970-01-01 00:28:25.094100,-1,Unclassified,0.3358694314956665
2140,2652,1970-01-01 00:28:24.943800,1970-01-01 00:28:25.269900,-1,Unclassified,0.3784380555152893
2150,2662,1970-01-01 00:28:24.946800,1970-01-01 00:28:25.272900,-1,Unclassified,0.31370189785957336
2160,2672,1970-01-01 00:28:24.949800,1970-01-01 00:28:25.275900,-1,Unclassified,0.34071579575538635
2170,2682,1970-01-01 00:28:24.952800,1970-01-01 00:28:25.278900,-1,Unclassified,0.32180264592170715
2180,2692,1970-01-01 00:28:24.955800,1970-01-01 00:28:25.281900,-1,Unclassified,0.46798083186149597
2190,2702,1970-01-01 00:28:24.958800,1970-01-01 00:28:25.284900,-1,Unclassified,0.3463442027568817
2200,2712,1970-01-01 00:28:24.961800,1970-01-01 00:28:25.287900,-1,Unclassified,0.36873859167099
2210,2722,1970-01-01 00:28:24.964800,1970-01-01 00:28:25.290900,-1,Unclassified,0.44852155447006226
2220,2732,1970-01-01 00:28:24.967800,1970-01-01 00:28:25.293900,-1,Unclassified,0.3979482650756836
2230,2742,1970-01-01 00:28:24.970800,1970-01-01 00:28:25.296900,-1,Unclassified,0.35295766592025757
2240,2752,1970-01-01 00:28:24.973800,1970-01-01 00:28:25.299900,-1,Unclassified,0.3616752326488495
2250,2762,1970-01-01 00:28:24.976800,1970-01-01 00:28:25.302900,-1,Unclassified,0.3921125829219818
2260,2772,1970-01-01 00:28:24.979800,1970-01-01 00:28:25.305900,-1,Unclassified,0.26175493001937866
2270,2782,1970-01-01 00:28:24.982800,1970-01-01 00:28:25.308900,-1,Unclassified,0.3723008334636688
2280,2792,1970-01-01 00:28:24.985800,1970-01-01 00:28:25.311900,-1,Unclassified,0.30570200085639954
2290,2802,1970-01-01 00:28:24.988800,1970-01-01 00:28:25.314900,-1,Unclassified,0.33031582832336426
2300,2812,1970-01-01 00:28:24.991800,1970-01-01 00:28:25.317900,-1,Unclassified,0.4015049934387207
2310,2822,1970-01-01 00:28:24.994800,1970-01-01 00:28:25.320900,-1,Unclassified,0.3045782148838043
2320,2832,1970-01-01 00:28:24.997800,1970-01-01 00:28:25.323900,-1,Unclassified,0.3818127512931824
2330,2842,1970-01-01 00:28:25.000800,1970-01-01 00:28:25.326900,-1,Unclassified,0.4411224126815796
2340,2852,1970-01-01 00:28:25.003800,1970-01-01 00:28:25.329900,-1,Unclassified,0.44172218441963196
2350,2862,1970-01-01 00:28:25.006800,1970-01-01 00:28:25.332900,-1,Unclassified,0.2733175754547119
2360,2872,1970-01-01 00:28:25.009800,1970-01-01 00:28:25.335900,-1,Unclassified,0.38725703954696655
2370,2882,1970-01-01 00:28:25.012800,1970-01-01 00:28:25.338900,-1,Unclassified,0.30640262365341187
2380,2892,1970-01-01 00:28:25.015800,1970-01-01 00:28:25.341900,-1,Unclassified,0.36201637983322144
2390,2902,1970-01-01 00:28:25.018800,1970-01-01 00:28:25.344900,-1,Unclassified,0.31338998675346375
2400,2912,1970-01-01 00:28:25.021800,1970-01-01 00:28:25.347900,-1,Unclassified,0.27993065118789673
2410,2922,1970-01-01 00:28:25.024800,1970-01-01 00:28:25.350900,-1,Unclassified,0.35288748145103455
2420,2932,1970-01-01 00:28:25.027800,1970-01-01 00:28:25.353900,-1,Unclassified,0.3307115435600281
2430,2942,1970-01-01 00:28:25.030800,1970-01-01 00:28:25.356900,-1,Unclassified,0.26895996928215027
2440,2952,1970-01-01 00:28:25.033800,1970-01-01 00:28:25.359900,-1,Unclassified,0.37362033128738403
2450,2962,1970-01-01 00:28:25.036800,1970-01-01 00:28:25.362900,-1,Unclassified,0.3017518222332001
2460,2972,1970-01-01 00:28:25.039800,1970-01-01 00:28:25.365900,-1,Unclassified,0.34293076395988464
2470,2982,1970-01-01 00:28:25.042800,1970-01-01 00:28:25.368900,-1,Unclassified,0.33800581097602844
2480,2992,1970-01-01 00:28:25.045800,1970-01-01 00:28:25.371900,-1,Unclassified,0.2718774378299713
2490,3002,1970-01-01 00:28:25.048800,1970-01-01 00:28:25.374900,-1,Unclassified,0.3402838408946991
2500,3012,1970-01-01 00:28:25.051800,1970-01-01 00:28:25.377900,-1,Unclassified,0.28902363777160645
2510,3022,1970-01-01 00:28:25.054800,1970-01-01 00:28:25.380900,-1,Unclassified,0.3485196828842163
2520,3032,1970-01-01 00:28:25.057800,1970-01-01 00:28:25.383900,-1,Unclassified,0.294798880815506
2530,3042,1970-01-01 00:28:25.060800,1970-01-01 00:28:25.386900,-1,Unclassified,0.3382086455821991
2540,3052,1970-01-01 00:28:25.063800,1970-01-01 00:28:25.389900,-1,Unclassified,0.404117226600647
2550,3062,1970-01-01 00:28:25.066800,1970-01-01 00:28:25.392900,-1,Unclassified,0.3425179719924927
2560,3072,1970-01-01 00:28:25.069800,1970-01-01 00:28:25.395900,-1,Unclassified,0.2729315459728241
2570,3082,1970-01-01 00:28:25.072800,1970-01-01 00:28:25.398900,-1,Unclassified,0.44673478603363037
2580,3092,1970-01-01 00:28:25.075800,1970-01-01 00:28:25.401900,-1,Unclassified,0.4379761517047882
2590,3102,1970-01-01 00:28:25.078800,1970-01-01 00:28:25.404900,-1,Unclassified,0.31910833716392517
2600,3112,1970-01-01 00:28:25.081800,1970-01-01 00:28:25.407900,-1,Unclassified,0.2830158770084381
2610,3122,1970-01-01 00:28:25.084800,1970-01-01 00:28:25.410900,-1,Unclassified,0.37013834714889526
2620,3132,1970-01-01 00:28:25.087800,1970-01-01 00:28:25.413900,-1,Unclassified,0.3345862925052643
2630,3142,1970-01-01 00:28:25.090800,1970-01-01 00:28:25.416900,-1,Unclassified,0.3372594118118286
2640,3152,1970-01-01 00:28:25.093800,1970-01-01 00:28:25.419900,-1,Unclassified,0.3302215039730072
2650,3162,1970-01-01 00:28:25.269600,1970-01-01 00:28:25.422900,-1,Unclassified,0.3651614189147949
2660,3172,1970-01-01 00:28:25.272600,1970-01-01 00:28:25.425900,-1,Unclassified,0.3041057586669922
2670,3182,1970-01-01 00:28:25.275600,1970-01-01 00:28:25.428900,-1,Unclassified,0.3060934841632843
2680,3192,1970-01-01 00:28:25.278600,1970-01-01 00:28:25.431900,-1,Unclassified,0.33353590965270996
2690,3202,1970-01-01 00:28:25.281600,1970-01-01 00:28:25.434900,-1,Unclassified,0.28154465556144714
2700,3212,1970-01-01 00:28:25.284600,1970-01-01 00:28:25.437900,-1,Unclassified,0.3309880793094635
2710,3222,1970-01-01 00:28:25.287600,1970-01-01 00:28:25.440900,-1,Unclassified,0.3453422784805298
2720,3232,1970-01-01 00:28:25.290600,1970-01-01 00:28:25.443900,-1,Unclassified,0.3502332270145416
2730,3242,1970-01-01 00:28:25.293600,1970-01-01 00:28:25.446900,-1,Unclassified,0.3337991535663605
2740,3252,1970-01-01 00:28:25.296600,1970-01-01 00:28:25.449900,-1,Unclassified,0.3544721007347107
2750,3262,1970-01-01 00:28:25.299600,1970-01-01 00:28:25.452900,-1,Unclassified,0.3668029010295868
2760,3272,1970-01-01 00:28:25.302600,1970-01-01 00:28:25.455900,-1,Unclassified,0.32513827085494995
2770,3282,1970-01-01 00:28:25.305600,1970-01-01 00:28:25.458900,-1,Unclassified,0.35536786913871765
2780,3292,1970-01-01 00:28:25.308600,1970-01-01 00:28:25.461900,-1,Unclassified,0.3729015290737152
2790,3302,1970-01-01 00:28:25.311600,1970-01-01 00:28:25.464900,-1,Unclassified,0.3605353534221649
2800,3312,1970-01-01 00:28:25.314600,1970-01-01 00:28:25.467900,-1,Unclassified,0.3054439127445221
2810,3322,1970-01-01 00:28:25.317600,1970-01-01 00:28:25.470900,-1,Unclassified,0.2621156871318817
2820,3332,1970-01-01 00:28:25.320600,1970-01-01 00:28:25.473900,-1,Unclassified,0.3843328058719635
2830,3342,1970-01-01 00:28:25.323600,1970-01-01 00:28:25.476900,-1,Unclassified,0.35828831791877747
2840,3352,1970-01-01 00:28:25.326600,1970-01-01 00:28:25.479900,-1,Unclassified,0.34201082587242126
2850,3362,1970-01-01 00:28:25.329600,1970-01-01 00:28:25.482900,-1,Unclassified,0.34618523716926575
2860,3372,1970-01-01 00:28:25.332600,1970-01-01 00:28:25.485900,-1,Unclassified,0.31259095668792725
2870,3382,1970-01-01 00:28:25.335600,1970-01-01 00:28:25.488900,-1,Unclassified,0.3426077365875244
2880,3392,1970-01-01 00:28:25.338600,1970-01-01 00:28:25.491900,-1,Unclassified,0.3689330518245697
2890,3402,1970-01-01 00:28:25.341600,1970-01-01 00:28:25.494900,-1,Unclassified,0.3326714336872101
2900,3412,1970-01-01 00:28:25.344600,1970-01-01 00:28:25.497900,-1,Unclassified,0.37231701612472534
2910,3422,1970-01-01 00:28:25.347600,1970-01-01 00:28:25.500900,-1,Unclassified,0.3515300154685974
2920,3432,1970-01-01 00:28:25.350600,1970-01-01 00:28:25.503900,-1,Unclassified,0.36752942204475403
2930,3442,1970-01-01 00:28:25.353600,1970-01-01 00:28:25.506900,-1,Unclassified,0.3557855784893036
2940,3452,1970-01-01 00:28:25.356600,1970-01-01 00:28:25.509900,-1,Unclassified,0.35248279571533203
2950,3462,1970-01-01 00:28:25.359600,1970-01-01 00:28:25.512900,-1,Unclassified,0.3381257653236389
2960,3472,1970-01-01 00:28:25.362600,1970-01-01 00:28:25.515900,-1,Unclassified,0.4360605776309967
2970,3482,1970-01-01 00:28:25.365600,1970-01-01 00:28:25.518900,-1,Unclassified,0.3456296920776367
2980,3492,1970-01-01 00:28:25.368600,1970-01-01 00:28:25.521900,-1,Unclassified,0.3558799922466278
2990,3502,1970-01-01 00:28:25.371600,1970-01-01 00:28:25.524900,-1,Unclassified,0.36150580644607544
3000,3512,1970-01-01 00:28:25.374600,1970-01-01 00:28:25.527900,-1,Unclassified,0.32826095819473267
3010,3522,1970-01-01 00:28:25.377600,1970-01-01 00:28:25.530900,-1,Unclassified,0.32683122158050537
3020,3532,1970-01-01 00:28:25.380600,1970-01-01 00:28:25.533900,-1,Unclassified,0.34912776947021484
3030,3542,1970-01-01 00:28:25.383600,1970-01-01 00:28:25.536900,-1,Unclassified,0.31792500615119934
3040,3552,1970-01-01 00:28:25.386600,1970-01-01 00:28:25.539900,-1,Unclassified,0.4054592549800873
3050,3562,1970-01-01 00:28:25.389600,1970-01-01 00:28:25.542900,-1,Unclassified,0.43595102429389954
3060,3572,1970-01-01 00:28:25.392600,1970-01-01 00:28:25.545900,-1,Unclassified,0.28256523609161377
3070,3582,1970-01-01 00:28:25.395600,1970-01-01 00:28:25.548900,-1,Unclassified,0.29709911346435547
3080,3592,1970-01-01 00:28:25.398600,1970-01-01 00:28:25.551900,-1,Unclassified,0.3357977569103241
3090,3602,1970-01-01 00:28:25.401600,1970-01-01 00:28:25.554900,-1,Unclassified,0.4367940425872803
3100,3612,1970-01-01 00:28:25.404600,1970-01-01 00:28:25.557900,-1,Unclassified,0.26811090111732483
3110,3622,1970-01-01 00:28:25.407600,1970-01-01 00:28:25.560900,-1,Unclassified,0.26123231649398804
3120,3632,1970-01-01 00:28:25.410600,1970-01-01 00:28:25.563900,-1,Unclassified,0.36760154366493225
3130,3642,1970-01-01 00:28:25.413600,1970-01-01 00:28:25.566900,-1,Unclassified,0.2900316119194031
3140,3652,1970-01-01 00:28:25.416600,1970-01-01 00:28:25.569900,-1,Unclassified,0.2930987775325775
3150,3662,1970-01-01 00:28:25.419600,1970-01-01 00:28:25.572900,-1,Unclassified,0.4677460789680481
3160,3672,1970-01-01 00:28:25.422600,1970-01-01 00:28:25.575900,-1,Unclassified,0.21748624742031097
3170,3682,1970-01-01 00:28:25.425600,1970-01-01 00:28:25.578900,-1,Unclassified,0.3103712797164917
3180,3692,1970-01-01 00:28:25.428600,1970-01-01 00:28:25.581900,-1,Unclassified,0.3248395323753357
3190,3702,1970-01-01 00:28:25.431600,1970-01-01 00:28:25.584900,-1,Unclassified,0.24922919273376465
3200,3712,1970-01-01 00:28:25.434600,1970-01-01 00:28:25.587900,-1,Unclassified,0.28924158215522766
3210,3722,1970-01-01 00:28:25.437600,1970-01-01 00:28:25.590900,-1,Unclassified,0.30979418754577637
3220,3732,1970-01-01 00:28:25.440600,1970-01-01 00:28:25.593900,-1,Unclassified,0.2485448122024536
3230,3742,1970-01-01 00:28:25.443600,1970-01-01 00:28:25.596900,-1,Unclassified,0.30442872643470764
3240,3752,1970-01-01 00:28:25.446600,1970-01-01 00:28:25.599900,-1,Unclassified,0.3184192478656769
3250,3762,1970-01-01 00:28:25.449600,1970-01-01 00:28:25.602900,-1,Unclassified,0.27040648460388184
3260,3772,1970-01-01 00:28:25.452600,1970-01-01 00:28:25.605900,-1,Unclassified,0.25041383504867554
3270,3782,1970-01-01 00:28:25.455600,1970-01-01 00:28:25.608900,-1,Unclassified,0.24060751497745514
3280,3792,1970-01-01 00:28:25.458600,1970-01-01 00:28:25.611900,-1,Unclassified,0.2804144620895386
3290,3802,1970-01-01 00:28:25.461600,1970-01-01 00:28:25.614900,-1,Unclassified,0.2595735192298889
3300,3812,1970-01-01 00:28:25.464600,1970-01-01 00:28:25.617900,-1,Unclassified,0.23596800863742828
3310,3822,1970-01-01 00:28:25.467600,1970-01-01 00:28:25.620900,-1,Unclassified,0.2875458002090454
3320,3832,1970-01-01 00:28:25.470600,1970-01-01 00:28:25.623900,-1,Unclassified,0.28713563084602356
3330,3842,1970-01-01 00:28:25.473600,1970-01-01 00:28:25.626900,-1,Unclassified,0.2789459526538849
3340,3852,1970-01-01 00:28:25.476600,1970-01-01 00:28:25.629900,-1,Unclassified,0.2998866140842438
3350,3862,1970-01-01 00:28:25.479600,1970-01-01 00:28:25.632900,-1,Unclassified,0.30205053091049194
3360,3872,1970-01-01 00:28:25.482600,1970-01-01 00:28:25.635900,-1,Unclassified,0.38453245162963867
3370,3882,1970-01-01 00:28:25.485600,1970-01-01 00:28:25.638900,-1,Unclassified,0.24912190437316895
3380,3892,1970-01-01 00:28:25.488600,1970-01-01 00:28:25.641900,-1,Unclassified,0.34593313932418823
3390,3902,1970-01-01 00:28:25.491600,1970-01-01 00:28:25.644900,-1,Unclassified,0.2509039342403412
3400,3912,1970-01-01 00:28:25.494600,1970-01-01 00:28:25.647900,-1,Unclassified,0.2363504320383072
3410,3922,1970-01-01 00:28:25.497600,1970-01-01 00:28:25.650900,-1,Unclassified,0.30235540866851807
3420,3932,1970-01-01 00:28:25.500600,1970-01-01 00:28:25.653900,-1,Unclassified,0.24217276275157928
3430,3942,1970-01-01 00:28:25.503600,1970-01-01 00:28:25.656900,-1,Unclassified,0.32605984807014465
3440,3952,1970-01-01 00:28:25.506600,1970-01-01 00:28:25.659900,-1,Unclassified,0.2822568118572235
3450,3962,1970-01-01 00:28:25.509600,1970-01-01 00:28:25.662900,-1,Unclassified,0.3293819725513458
3460,3972,1970-01-01 00:28:25.512600,1970-01-01 00:28:25.665900,-1,Unclassified,0.2694624364376068
3470,3982,1970-01-01 00:28:25.515600,1970-01-01 00:28:25.668900,-1,Unclassified,0.29218533635139465
3480,3992,1970-01-01 00:28:25.518600,1970-01-01 00:28:25.671900,-1,Unclassified,0.22626806795597076
3490,4002,1970-01-01 00:28:25.521600,1970-01-01 00:28:25.674900,-1,Unclassified,0.26754605770111084
3500,4012,1970-01-01 00:28:25.524600,1970-01-01 00:28:25.677900,-1,Unclassified,0.2354515641927719
3510,4022,1970-01-01 00:28:25.527600,1970-01-01 00:28:25.680900,-1,Unclassified,0.2803139388561249
3520,4032,1970-01-01 00:28:25.530600,1970-01-01 00:28:25.683900,-1,Unclassified,0.2971443235874176
3530,4042,1970-01-01 00:28:25.533600,1970-01-01 00:28:25.686900,-1,Unclassified,0.29988372325897217
3540,4052,1970-01-01 00:28:25.536600,1970-01-01 00:28:25.689900,-1,Unclassified,0.4054780900478363
3550,4062,1970-01-01 00:28:25.539600,1970-01-01 00:28:25.692900,-1,Unclassified,0.3067213296890259
3560,4072,1970-01-01 00:28:25.542600,1970-01-01 00:28:25.695900,-1,Unclassified,0.28136932849884033
3570,4082,1970-01-01 00:28:25.545600,1970-01-01 00:28:25.698900,-1,Unclassified,0.2826719582080841
3580,4092,1970-01-01 00:28:25.548600,1970-01-01 00:28:25.874700,-1,Unclassified,0.2935647666454315
3590,4102,1970-01-01 00:28:25.551600,1970-01-01 00:28:25.878000,-1,Unclassified,0.28197261691093445
3600,4112,1970-01-01 00:28:25.554600,1970-01-01 00:28:25.881000,-1,Unclassified,0.317119836807251
3610,4122,1970-01-01 00:28:25.557600,1970-01-01 00:28:25.884000,-1,Unclassified,0.41738030314445496
3620,4132,1970-01-01 00:28:25.560600,1970-01-01 00:28:25.887000,-1,Unclassified,0.30433765053749084
3630,4142,1970-01-01 00:28:25.563600,1970-01-01 00:28:25.890000,-1,Unclassified,0.31608349084854126
3640,4152,1970-01-01 00:28:25.566600,1970-01-01 00:28:25.893000,-1,Unclassified,0.40002137422561646
3650,4162,1970-01-01 00:28:25.569600,1970-01-01 00:28:25.896000,-1,Unclassified,0.3166380524635315
3660,4172,1970-01-01 00:28:25.572600,1970-01-01 00:28:25.899000,-1,Unclassified,0.35112205147743225
3670,4182,1970-01-01 00:28:25.575600,1970-01-01 00:28:25.902000,-1,Unclassified,0.2695949673652649
3680,4192,1970-01-01 00:28:25.578600,1970-01-01 00:28:25.905000,-1,Unclassified,0.2985436022281647
3690,4202,1970-01-01 00:28:25.581600,1970-01-01 00:28:25.908000,-1,Unclassified,0.3179660737514496
3700,4212,1970-01-01 00:28:25.584600,1970-01-01 00:28:25.911000,-1,Unclassified,0.2880898118019104
3710,4222,1970-01-01 00:28:25.587600,1970-01-01 00:28:25.914000,-1,Unclassified,0.35918453335762024
3720,4232,1970-01-01 00:28:25.590600,1970-01-01 00:28:25.917000,-1,Unclassified,0.3072032332420349
3730,4242,1970-01-01 00:28:25.593600,1970-01-01 00:28:25.920000,-1,Unclassified,0.254199743270874
3740,4252,1970-01-01 00:28:25.596600,1970-01-01 00:28:25.923000,-1,Unclassified,0.24304819107055664
3750,4262,1970-01-01 00:28:25.599600,1970-01-01 00:28:25.926000,-1,Unclassified,0.3257400393486023
3760,4272,1970-01-01 00:28:25.602600,1970-01-01 00:28:25.929000,-1,Unclassified,0.35864731669425964
3770,4282,1970-01-01 00:28:25.605600,1970-01-01 00:28:25.932000,-1,Unclassified,0.26949214935302734
3780,4292,1970-01-01 00:28:25.608600,1970-01-01 00:28:25.935000,-1,Unclassified,0.4014328718185425
3790,4302,1970-01-01 00:28:25.611600,1970-01-01 00:28:25.938000,-1,Unclassified,0.2995230555534363
3800,4312,1970-01-01 00:28:25.614600,1970-01-01 00:28:25.941000,-1,Unclassified,0.2827933728694916
3810,4322,1970-01-01 00:28:25.617600,1970-01-01 00:28:25.944000,-1,Unclassified,0.34678441286087036
3820,4332,1970-01-01 00:28:25.620600,1970-01-01 00:28:25.947000,-1,Unclassified,0.4015313386917114
3830,4342,1970-01-01 00:28:25.623600,1970-01-01 00:28:25.950000,-1,Unclassified,0.23728244006633759
3840,4352,1970-01-01 00:28:25.626600,1970-01-01 00:28:25.953000,-1,Unclassified,0.29398903250694275
3850,4362,1970-01-01 00:28:25.629600,1970-01-01 00:28:25.956000,-1,Unclassified,0.2985789179801941
3860,4372,1970-01-01 00:28:25.632600,1970-01-01 00:28:25.959000,-1,Unclassified,0.2882031798362732
3870,4382,1970-01-01 00:28:25.635600,1970-01-01 00:28:25.962000,-1,Unclassified,0.25457048416137695
3880,4392,1970-01-01 00:28:25.638600,1970-01-01 00:28:25.965000,-1,Unclassified,0.26471373438835144
3890,4402,1970-01-01 00:28:25.641600,1970-01-01 00:28:25.968000,-1,Unclassified,0.22927261888980865
3900,4412,1970-01-01 00:28:25.644600,1970-01-01 00:28:25.971000,-1,Unclassified,0.2839224934577942
3910,4422,1970-01-01 00:28:25.647600,1970-01-01 00:28:25.974000,-1,Unclassified,0.26050588488578796
3920,4432,1970-01-01 00:28:25.650600,1970-01-01 00:28:25.977000,-1,Unclassified,0.34620267152786255
3930,4442,1970-01-01 00:28:25.653600,1970-01-01 00:28:25.980000,-1,Unclassified,0.24536611139774323
3940,4452,1970-01-01 00:28:25.656600,1970-01-01 00:28:25.983000,-1,Unclassified,0.36851564049720764
3950,4462,1970-01-01 00:28:25.659600,1970-01-01 00:28:25.986000,-1,Unclassified,0.3331907391548157
3960,4472,1970-01-01 00:28:25.662600,1970-01-01 00:28:25.989000,-1,Unclassified,0.5149701237678528
3970,4482,1970-01-01 00:28:25.665600,1970-01-01 00:28:25.992000,-1,Unclassified,0.36579662561416626
3980,4492,1970-01-01 00:28:25.668600,1970-01-01 00:28:25.995000,-1,Unclassified,0.402670681476593
3990,4502,1970-01-01 00:28:25.671600,1970-01-01 00:28:25.998000,-1,Unclassified,0.3383577764034271
4000,4512,1970-01-01 00:28:25.674600,1970-01-01 00:28:26.001000,-1,Unclassified,0.23925940692424774
4010,4522,1970-01-01 00:28:25.677600,1970-01-01 00:28:26.004000,-1,Unclassified,0.32188716530799866
4020,4532,1970-01-01 00:28:25.680600,1970-01-01 00:28:26.007000,-1,Unclassified,0.2603289484977722
4030,4542,1970-01-01 00:28:25.683600,1970-01-01 00:28:26.010000,-1,Unclassified,0.24101053178310394
4040,4552,1970-01-01 00:28:25.686600,1970-01-01 00:28:26.013000,-1,Unclassified,0.2768568992614746
4050,4562,1970-01-01 00:28:25.689600,1970-01-01 00:28:26.016000,-1,Unclassified,0.2740171253681183
4060,4572,1970-01-01 00:28:25.692600,1970-01-01 00:28:26.019000,-1,Unclassified,0.2788194715976715
4070,4582,1970-01-01 00:28:25.695600,1970-01-01 00:28:26.022000,-1,Unclassified,0.3590015172958374
4080,4592,1970-01-01 00:28:25.698600,1970-01-01 00:28:26.025000,-1,Unclassified,0.3109007477760315
4090,4602,1970-01-01 00:28:25.874400,1970-01-01 00:28:26.028000,-1,Unclassified,0.25811973214149475
4100,4612,1970-01-01 00:28:25.877700,1970-01-01 00:28:26.031000,-1,Unclassified,0.28597670793533325
4110,4622,1970-01-01 00:28:25.880700,1970-01-01 00:28:26.034000,-1,Unclassified,0.28667813539505005
4120,4632,1970-01-01 00:28:25.883700,1970-01-01 00:28:26.037000,-1,Unclassified,0.3037532866001129
4130,4642,1970-01-01 00:28:25.886700,1970-01-01 00:28:26.040000,-1,Unclassified,0.2789788842201233
4140,4652,1970-01-01 00:28:25.889700,1970-01-01 00:28:26.043000,-1,Unclassified,0.3594018816947937
4150,4662,1970-01-01 00:28:25.892700,1970-01-01 00:28:26.046000,-1,Unclassified,0.3453385531902313
4160,4672,1970-01-01 00:28:25.895700,1970-01-01 00:28:26.049000,-1,Unclassified,0.3438936471939087
4170,4682,1970-01-01 00:28:25.898700,1970-01-01 00:28:26.052000,-1,Unclassified,0.33473795652389526
4180,4692,1970-01-01 00:28:25.901700,1970-01-01 00:28:26.055000,-1,Unclassified,0.3035365045070648
4190,4702,1970-01-01 00:28:25.904700,1970-01-01 00:28:26.058000,-1,Unclassified,0.3250196576118469
4200,4712,1970-01-01 00:28:25.907700,1970-01-01 00:28:26.061000,-1,Unclassified,0.3271753191947937
4210,4722,1970-01-01 00:28:25.910700,1970-01-01 00:28:26.064000,-1,Unclassified,0.28584083914756775
4220,4732,1970-01-01 00:28:25.913700,1970-01-01 00:28:26.067000,-1,Unclassified,0.3159201741218567
4230,4742,1970-01-01 00:28:25.916700,1970-01-01 00:28:26.070000,-1,Unclassified,0.3302510976791382
4240,4752,1970-01-01 00:28:25.919700,1970-01-01 00:28:26.073000,-1,Unclassified,0.2969219982624054
4250,4762,1970-01-01 00:28:25.922700,1970-01-01 00:28:26.076000,-1,Unclassified,0.24528729915618896
4260,4772,1970-01-01 00:28:25.925700,1970-01-01 00:28:26.079000,-1,Unclassified,0.3553680181503296
4270,4782,1970-01-01 00:28:25.928700,1970-01-01 00:28:26.082000,-1,Unclassified,0.26148635149002075
4280,4792,1970-01-01 00:28:25.931700,1970-01-01 00:28:26.085000,-1,Unclassified,0.3389819264411926
4290,4802,1970-01-01 00:28:25.934700,1970-01-01 00:28:26.088000,-1,Unclassified,0.2441767156124115
4300,4812,1970-01-01 00:28:25.937700,1970-01-01 00:28:26.091000,-1,Unclassified,0.41189947724342346
4310,4822,1970-01-01 00:28:25.940700,1970-01-01 00:28:26.094000,-1,Unclassified,0.32629990577697754
4320,4832,1970-01-01 00:28:25.943700,1970-01-01 00:28:26.097000,-1,Unclassified,0.2850678861141205
4330,4842,1970-01-01 00:28:25.946700,1970-01-01 00:28:26.100000,-1,Unclassified,0.2934778034687042
4340,4852,1970-01-01 00:28:25.949700,1970-01-01 00:28:26.103000,-1,Unclassified,0.3556809425354004
4350,4862,1970-01-01 00:28:25.952700,1970-01-01 00:28:26.106000,-1,Unclassified,0.49298974871635437
4360,4872,1970-01-01 00:28:25.955700,1970-01-01 00:28:26.109000,-1,Unclassified,0.31674110889434814
4370,4882,1970-01-01 00:28:25.958700,1970-01-01 00:28:26.112000,-1,Unclassified,0.27189797163009644
4380,4892,1970-01-01 00:28:25.961700,1970-01-01 00:28:26.115000,-1,Unclassified,0.37203100323677063
4390,4902,1970-01-01 00:28:25.964700,1970-01-01 00:28:26.118000,-1,Unclassified,0.3879818320274353
4400,4912,1970-01-01 00:28:25.967700,1970-01-01 00:28:26.121000,-1,Unclassified,0.33503055572509766
4410,4922,1970-01-01 00:28:25.970700,1970-01-01 00:28:26.124000,-1,Unclassified,0.2482919842004776
4420,4932,1970-01-01 00:28:25.973700,1970-01-01 00:28:26.127000,-1,Unclassified,0.2686576843261719
4430,4942,1970-01-01 00:28:25.976700,1970-01-01 00:28:26.130000,-1,Unclassified,0.25935906171798706
4440,4952,1970-01-01 00:28:25.979700,1970-01-01 00:28:26.133000,-1,Unclassified,0.2554570436477661
4450,4962,1970-01-01 00:28:25.982700,1970-01-01 00:28:26.136000,-1,Unclassified,0.28023862838745117
4460,4972,1970-01-01 00:28:25.985700,1970-01-01 00:28:26.139000,-1,Unclassified,0.26900938153266907
4470,4982,1970-01-01 00:28:25.988700,1970-01-01 00:28:26.142000,-1,Unclassified,0.24996131658554077
4480,4992,1970-01-01 00:28:25.991700,1970-01-01 00:28:26.145000,-1,Unclassified,0.3536117374897003
4490,5002,1970-01-01 00:28:25.994700,1970-01-01 00:28:26.148000,-1,Unclassified,0.30887019634246826
4500,5012,1970-01-01 00:28:25.997700,1970-01-01 00:28:26.151000,-1,Unclassified,0.2852467894554138
4510,5022,1970-01-01 00:28:26.000700,1970-01-01 00:28:26.154000,-1,Unclassified,0.23296517133712769
4520,5032,1970-01-01 00:28:26.003700,1970-01-01 00:28:26.157000,-1,Unclassified,0.2364806979894638
4530,5042,1970-01-01 00:28:26.006700,1970-01-01 00:28:26.160000,-1,Unclassified,0.2150155007839203
4540,5052,1970-01-01 00:28:26.009700,1970-01-01 00:28:26.163000,-1,Unclassified,0.22974541783332825
4550,5062,1970-01-01 00:28:26.012700,1970-01-01 00:28:26.166000,-1,Unclassified,0.25720906257629395
4560,5072,1970-01-01 00:28:26.015700,1970-01-01 00:28:26.169000,-1,Unclassified,0.22535380721092224
4570,5082,1970-01-01 00:28:26.018700,1970-01-01 00:28:26.172000,-1,Unclassified,0.28533411026000977
4580,5092,1970-01-01 00:28:26.021700,1970-01-01 00:28:26.175000,-1,Unclassified,0.2778967022895813
4590,5102,1970-01-01 00:28:26.024700,1970-01-01 00:28:26.178000,-1,Unclassified,0.29592254757881165
4600,5112,1970-01-01 00:28:26.027700,1970-01-01 00:28:26.181000,-1,Unclassified,0.2684774100780487
4610,5122,1970-01-01 00:28:26.030700,1970-01-01 00:28:26.184000,-1,Unclassified,0.3155187666416168
4620,5132,1970-01-01 00:28:26.033700,1970-01-01 00:28:26.187000,-1,Unclassified,0.28698861598968506
4630,5142,1970-01-01 00:28:26.036700,1970-01-01 00:28:26.190000,-1,Unclassified,0.2795947194099426
4640,5152,1970-01-01 00:28:26.039700,1970-01-01 00:28:26.193000,-1,Unclassified,0.34097230434417725
4650,5162,1970-01-01 00:28:26.042700,1970-01-01 00:28:26.196000,-1,Unclassified,0.31819969415664673
4660,5172,1970-01-01 00:28:26.045700,1970-01-01 00:28:26.199000,-1,Unclassified,0.37848779559135437
4670,5182,1970-01-01 00:28:26.048700,1970-01-01 00:28:26.202000,-1,Unclassified,0.3738166093826294
4680,5192,1970-01-01 00:28:26.051700,1970-01-01 00:28:26.205000,-1,Unclassified,0.3743947744369507
4690,5202,1970-01-01 00:28:26.054700,1970-01-01 00:28:26.208000,-1,Unclassified,0.38979071378707886
4700,5212,1970-01-01 00:28:26.057700,1970-01-01 00:28:26.211000,-1,Unclassified,0.40305906534194946
4710,5222,1970-01-01 00:28:26.060700,1970-01-01 00:28:26.214000,-1,Unclassified,0.379745751619339
4720,5232,1970-01-01 00:28:26.063700,1970-01-01 00:28:26.217000,-1,Unclassified,0.3886868953704834
4730,5242,1970-01-01 00:28:26.066700,1970-01-01 00:28:26.220000,-1,Unclassified,0.3569362461566925
4740,5252,1970-01-01 00:28:26.069700,1970-01-01 00:28:26.223000,-1,Unclassified,0.35206839442253113
4750,5262,1970-01-01 00:28:26.072700,1970-01-01 00:28:26.226000,-1,Unclassified,0.3570103049278259
4760,5272,1970-01-01 00:28:26.075700,1970-01-01 00:28:26.229000,-1,Unclassified,0.3520389199256897
4770,5282,1970-01-01 00:28:26.078700,1970-01-01 00:28:26.232000,-1,Unclassified,0.29363468289375305
4780,5292,1970-01-01 00:28:26.081700,1970-01-01 00:28:26.235000,-1,Unclassified,0.322539746761322
4790,5302,1970-01-01 00:28:26.084700,1970-01-01 00:28:26.238000,-1,Unclassified,0.27523136138916016
4800,5312,1970-01-01 00:28:26.087700,1970-01-01 00:28:26.241000,-1,Unclassified,0.2972436547279358
4810,5322,1970-01-01 00:28:26.090700,1970-01-01 00:28:26.244000,-1,Unclassified,0.29587432742118835
4820,5332,1970-01-01 00:28:26.093700,1970-01-01 00:28:26.247000,-1,Unclassified,0.3064284026622772
4830,5342,1970-01-01 00:28:26.096700,1970-01-01 00:28:26.250000,-1,Unclassified,0.29054975509643555
4840,5352,1970-01-01 00:28:26.099700,1970-01-01 00:28:26.253000,-1,Unclassified,0.32640528678894043
4850,5362,1970-01-01 00:28:26.102700,1970-01-01 00:28:26.256000,-1,Unclassified,0.2716614902019501
4860,5372,1970-01-01 00:28:26.105700,1970-01-01 00:28:26.259000,-1,Unclassified,0.37852832674980164
4870,5382,1970-01-01 00:28:26.108700,1970-01-01 00:28:26.262000,-1,Unclassified,0.45668476819992065
4880,5392,1970-01-01 00:28:26.111700,1970-01-01 00:28:26.265000,-1,Unclassified,0.3364114761352539
4890,5402,1970-01-01 00:28:26.114700,1970-01-01 00:28:26.268000,-1,Unclassified,0.4107338786125183
4900,5412,1970-01-01 00:28:26.117700,1970-01-01 00:28:26.271000,-1,Unclassified,0.28347548842430115
4910,5422,1970-01-01 00:28:26.120700,1970-01-01 00:28:26.274000,-1,Unclassified,0.3469155430793762
4920,5432,1970-01-01 00:28:26.123700,1970-01-01 00:28:26.277000,-1,Unclassified,0.29444578289985657
4930,5442,1970-01-01 00:28:26.126700,1970-01-01 00:28:26.280000,-1,Unclassified,0.34101545810699463
4940,5452,1970-01-01 00:28:26.129700,1970-01-01 00:28:26.283000,-1,Unclassified,0.28896403312683105
4950,5462,1970-01-01 00:28:26.132700,1970-01-01 00:28:26.286000,-1,Unclassified,0.30163049697875977
4960,5472,1970-01-01 00:28:26.135700,1970-01-01 00:28:26.289000,-1,Unclassified,0.28831642866134644
4970,5482,1970-01-01 00:28:26.138700,1970-01-01 00:28:26.292000,-1,Unclassified,0.34203165769577026
4980,5492,1970-01-01 00:28:26.141700,1970-01-01 00:28:26.295000,-1,Unclassified,0.3375799059867859
4990,5502,1970-01-01 00:28:26.144700,1970-01-01 00:28:26.298000,-1,Unclassified,0.272513747215271
5000,5512,1970-01-01 00:28:26.147700,1970-01-01 00:28:26.301000,-1,Unclassified,0.28109267354011536
5010,5522,1970-01-01 00:28:26.150700,1970-01-01 00:28:26.304000,-1,Unclassified,0.3105774223804474
5020,5532,1970-01-01 00:28:26.153700,1970-01-01 00:28:26.482800,-1,Unclassified,0.31889182329177856
5030,5542,1970-01-01 00:28:26.156700,1970-01-01 00:28:26.485800,-1,Unclassified,0.3138490319252014
5040,5552,1970-01-01 00:28:26.159700,1970-01-01 00:28:26.488800,-1,Unclassified,0.32197046279907227
5050,5562,1970-01-01 00:28:26.162700,1970-01-01 00:28:26.491800,-1,Unclassified,0.29566895961761475
5060,5572,1970-01-01 00:28:26.165700,1970-01-01 00:28:26.494800,-1,Unclassified,0.3643697500228882
5070,5582,1970-01-01 00:28:26.168700,1970-01-01 00:28:26.497800,-1,Unclassified,0.3435189127922058
5080,5592,1970-01-01 00:28:26.171700,1970-01-01 00:28:26.500800,-1,Unclassified,0.40272843837738037
5090,5602,1970-01-01 00:28:26.174700,1970-01-01 00:28:26.503800,-1,Unclassified,0.3952871561050415
5100,5612,1970-01-01 00:28:26.177700,1970-01-01 00:28:26.506800,-1,Unclassified,0.4467425048351288
5110,5622,1970-01-01 00:28:26.180700,1970-01-01 00:28:26.509800,-1,Unclassified,0.3355441987514496
5120,5632,1970-01-01 00:28:26.183700,1970-01-01 00:28:26.512800,-1,Unclassified,0.3379674255847931
5130,5642,1970-01-01 00:28:26.186700,1970-01-01 00:28:26.515800,-1,Unclassified,0.4262906014919281
5140,5652,1970-01-01 00:28:26.189700,1970-01-01 00:28:26.518800,-1,Unclassified,0.5225022435188293
5150,5662,1970-01-01 00:28:26.192700,1970-01-01 00:28:26.521800,-1,Unclassified,0.4010743498802185
5160,5672,1970-01-01 00:28:26.195700,1970-01-01 00:28:26.524800,-1,Unclassified,0.32229313254356384
5170,5682,1970-01-01 00:28:26.198700,1970-01-01 00:28:26.527800,-1,Unclassified,0.22922654449939728
5180,5692,1970-01-01 00:28:26.201700,1970-01-01 00:28:26.530800,-1,Unclassified,0.351643830537796
5190,5702,1970-01-01 00:28:26.204700,1970-01-01 00:28:26.533800,-1,Unclassified,0.3198575973510742
5200,5712,1970-01-01 00:28:26.207700,1970-01-01 00:28:26.536800,-1,Unclassified,0.3520943224430084
5210,5722,1970-01-01 00:28:26.210700,1970-01-01 00:28:26.539800,-1,Unclassified,0.32324206829071045
5220,5732,1970-01-01 00:28:26.213700,1970-01-01 00:28:26.542800,-1,Unclassified,0.2525009214878082
5230,5742,1970-01-01 00:28:26.216700,1970-01-01 00:28:26.545800,-1,Unclassified,0.29036715626716614
5240,5752,1970-01-01 00:28:26.219700,1970-01-01 00:28:26.548800,-1,Unclassified,0.32599005103111267
5250,5762,1970-01-01 00:28:26.222700,1970-01-01 00:28:26.551800,-1,Unclassified,0.25707560777664185
5260,5772,1970-01-01 00:28:26.225700,1970-01-01 00:28:26.554800,-1,Unclassified,0.27962660789489746
5270,5782,1970-01-01 00:28:26.228700,1970-01-01 00:28:26.557800,-1,Unclassified,0.2588840425014496
5280,5792,1970-01-01 00:28:26.231700,1970-01-01 00:28:26.560800,-1,Unclassified,0.2583848834037781
5290,5802,1970-01-01 00:28:26.234700,1970-01-01 00:28:26.563800,-1,Unclassified,0.28774213790893555
5300,5812,1970-01-01 00:28:26.237700,1970-01-01 00:28:26.566800,-1,Unclassified,0.27360105514526367
5310,5822,1970-01-01 00:28:26.240700,1970-01-01 00:28:26.569800,-1,Unclassified,0.30281394720077515
5320,5832,1970-01-01 00:28:26.243700,1970-01-01 00:28:26.572800,-1,Unclassified,0.21234306693077087
5330,5842,1970-01-01 00:28:26.246700,1970-01-01 00:28:26.575800,-1,Unclassified,0.24175052344799042
5340,5852,1970-01-01 00:28:26.249700,1970-01-01 00:28:26.578800,-1,Unclassified,0.2658681571483612
5350,5862,1970-01-01 00:28:26.252700,1970-01-01 00:28:26.581800,-1,Unclassified,0.26954272389411926
5360,5872,1970-01-01 00:28:26.255700,1970-01-01 00:28:26.584800,-1,Unclassified,0.2588341534137726
5370,5882,1970-01-01 00:28:26.258700,1970-01-01 00:28:26.587800,-1,Unclassified,0.25249624252319336
5380,5892,1970-01-01 00:28:26.261700,1970-01-01 00:28:26.590800,-1,Unclassified,0.2417454570531845
5390,5902,1970-01-01 00:28:26.264700,1970-01-01 00:28:26.593800,-1,Unclassified,0.24525755643844604
5400,5912,1970-01-01 00:28:26.267700,1970-01-01 00:28:26.596800,-1,Unclassified,0.32048261165618896
5410,5922,1970-01-01 00:28:26.270700,1970-01-01 00:28:26.599800,-1,Unclassified,0.3207620680332184
5420,5932,1970-01-01 00:28:26.273700,1970-01-01 00:28:26.602800,-1,Unclassified,0.35167196393013
5430,5942,1970-01-01 00:28:26.276700,1970-01-01 00:28:26.605800,-1,Unclassified,0.41124647855758667
5440,5952,1970-01-01 00:28:26.279700,1970-01-01 00:28:26.608800,-1,Unclassified,0.3951626718044281
5450,5962,1970-01-01 00:28:26.282700,1970-01-01 00:28:26.611800,-1,Unclassified,0.35975444316864014
5460,5972,1970-01-01 00:28:26.285700,1970-01-01 00:28:26.614800,-1,Unclassified,0.33075544238090515
5470,5982,1970-01-01 00:28:26.288700,1970-01-01 00:28:26.617800,-1,Unclassified,0.31324559450149536
5480,5992,1970-01-01 00:28:26.291700,1970-01-01 00:28:26.620800,-1,Unclassified,0.3401070237159729
5490,6002,1970-01-01 00:28:26.294700,1970-01-01 00:28:26.623800,-1,Unclassified,0.45832666754722595
5500,6012,1970-01-01 00:28:26.297700,1970-01-01 00:28:26.626800,-1,Unclassified,0.32420065999031067
5510,6022,1970-01-01 00:28:26.300700,1970-01-01 00:28:26.629800,-1,Unclassified,0.2910979688167572
5520,6032,1970-01-01 00:28:26.303700,1970-01-01 00:28:26.632800,-1,Unclassified,0.31999245285987854
5530,6042,1970-01-01 00:28:26.482500,1970-01-01 00:28:26.635800,-1,Unclassified,0.3381989896297455
5540,6052,1970-01-01 00:28:26.485500,1970-01-01 00:28:26.638800,-1,Unclassified,0.2652812898159027
5550,6062,1970-01-01 00:28:26.488500,1970-01-01 00:28:26.641800,-1,Unclassified,0.2981637120246887
5560,6072,1970-01-01 00:28:26.491500,1970-01-01 00:28:26.644800,-1,Unclassified,0.3069075345993042
5570,6082,1970-01-01 00:28:26.494500,1970-01-01 00:28:26.647800,-1,Unclassified,0.31607362627983093
5580,6092,1970-01-01 00:28:26.497500,1970-01-01 00:28:26.650800,-1,Unclassified,0.28311070799827576
5590,6102,1970-01-01 00:28:26.500500,1970-01-01 00:28:26.653800,-1,Unclassified,0.2695140838623047
5600,6112,1970-01-01 00:28:26.503500,1970-01-01 00:28:26.656800,-1,Unclassified,0.2848021984100342
5610,6122,1970-01-01 00:28:26.506500,1970-01-01 00:28:26.659800,-1,Unclassified,0.36408132314682007
5620,6132,1970-01-01 00:28:26.509500,1970-01-01 00:28:26.662800,-1,Unclassified,0.34228453040122986
5630,6142,1970-01-01 00:28:26.512500,1970-01-01 00:28:26.665800,-1,Unclassified,0.3330230712890625
5640,6152,1970-01-01 00:28:26.515500,1970-01-01 00:28:26.668800,-1,Unclassified,0.29551437497138977
5650,6162,1970-01-01 00:28:26.518500,1970-01-01 00:28:26.671800,-1,Unclassified,0.28965187072753906
5660,6172,1970-01-01 00:28:26.521500,1970-01-01 00:28:26.674800,-1,Unclassified,0.30743423104286194
5670,6182,1970-01-01 00:28:26.524500,1970-01-01 00:28:26.677800,-1,Unclassified,0.3532106280326843
5680,6192,1970-01-01 00:28:26.527500,1970-01-01 00:28:26.680800,-1,Unclassified,0.22530241310596466
5690,6202,1970-01-01 00:28:26.530500,1970-01-01 00:28:26.683800,-1,Unclassified,0.3680118918418884
5700,6212,1970-01-01 00:28:26.533500,1970-01-01 00:28:26.686800,-1,Unclassified,0.24238437414169312
5710,6222,1970-01-01 00:28:26.536500,1970-01-01 00:28:26.689800,-1,Unclassified,0.3419531285762787
5720,6232,1970-01-01 00:28:26.539500,1970-01-01 00:28:26.692800,-1,Unclassified,0.3591807186603546
5730,6242,1970-01-01 00:28:26.542500,1970-01-01 00:28:26.695800,-1,Unclassified,0.2585075795650482
5740,6252,1970-01-01 00:28:26.545500,1970-01-01 00:28:26.698800,-1,Unclassified,0.225455179810524
5750,6262,1970-01-01 00:28:26.548500,1970-01-01 00:28:26.701800,-1,Unclassified,0.33189842104911804
5760,6272,1970-01-01 00:28:26.551500,1970-01-01 00:28:26.704800,-1,Unclassified,0.30076825618743896
5770,6282,1970-01-01 00:28:26.554500,1970-01-01 00:28:26.707800,-1,Unclassified,0.3506607413291931
5780,6292,1970-01-01 00:28:26.557500,1970-01-01 00:28:26.710800,-1,Unclassified,0.4441560208797455
5790,6302,1970-01-01 00:28:26.560500,1970-01-01 00:28:26.713800,-1,Unclassified,0.42872875928878784
5800,6312,1970-01-01 00:28:26.563500,1970-01-01 00:28:26.716800,-1,Unclassified,0.2943696677684784
5810,6322,1970-01-01 00:28:26.566500,1970-01-01 00:28:26.719800,-1,Unclassified,0.24481698870658875
5820,6332,1970-01-01 00:28:26.569500,1970-01-01 00:28:26.722800,-1,Unclassified,0.2520807981491089
5830,6342,1970-01-01 00:28:26.572500,1970-01-01 00:28:26.725800,-1,Unclassified,0.25811439752578735
5840,6352,1970-01-01 00:28:26.575500,1970-01-01 00:28:26.728800,-1,Unclassified,0.24203358590602875
5850,6362,1970-01-01 00:28:26.578500,1970-01-01 00:28:26.731800,-1,Unclassified,0.28222304582595825
5860,6372,1970-01-01 00:28:26.581500,1970-01-01 00:28:26.734800,-1,Unclassified,0.24989722669124603
5870,6382,1970-01-01 00:28:26.584500,1970-01-01 00:28:26.737800,-1,Unclassified,0.34426361322402954
5880,6392,1970-01-01 00:28:26.587500,1970-01-01 00:28:26.740800,-1,Unclassified,0.24078617990016937
5890,6402,1970-01-01 00:28:26.590500,1970-01-01 00:28:26.743800,-1,Unclassified,0.37131398916244507
5900,6412,1970-01-01 00:28:26.593500,1970-01-01 00:28:26.746800,-1,Unclassified,0.24445302784442902
5910,6422,1970-01-01 00:28:26.596500,1970-01-01 00:28:26.804400,-1,Unclassified,0.32881706953048706
5920,6432,1970-01-01 00:28:26.599500,1970-01-01 00:28:26.807400,-1,Unclassified,0.31981250643730164
5930,6442,1970-01-01 00:28:26.602500,1970-01-01 00:28:26.810400,-1,Unclassified,0.31649014353752136
5940,6452,1970-01-01 00:28:26.605500,1970-01-01 00:28:26.813400,-1,Unclassified,0.2796610891819
5950,6462,1970-01-01 00:28:26.608500,1970-01-01 00:28:26.816400,-1,Unclassified,0.32138919830322266
5960,6472,1970-01-01 00:28:26.611500,1970-01-01 00:28:26.819400,-1,Unclassified,0.32335978746414185
5970,6482,1970-01-01 00:28:26.614500,1970-01-01 00:28:26.822400,-1,Unclassified,0.304309219121933
5980,6492,1970-01-01 00:28:26.617500,1970-01-01 00:28:26.825400,-1,Unclassified,0.28174594044685364
5990,6502,1970-01-01 00:28:26.620500,1970-01-01 00:28:26.828400,-1,Unclassified,0.34082549810409546
6000,6512,1970-01-01 00:28:26.623500,1970-01-01 00:28:26.831400,-1,Unclassified,0.2923615574836731
6010,6522,1970-01-01 00:28:26.626500,1970-01-01 00:28:26.834400,-1,Unclassified,0.3211699426174164
6020,6532,1970-01-01 00:28:26.629500,1970-01-01 00:28:26.837400,-1,Unclassified,0.29228508472442627
6030,6542,1970-01-01 00:28:26.632500,1970-01-01 00:28:26.840400,-1,Unclassified,0.3385069966316223
6040,6552,1970-01-01 00:28:26.635500,1970-01-01 00:28:26.843400,-1,Unclassified,0.309135377407074
6050,6562,1970-01-01 00:28:26.638500,1970-01-01 00:28:26.846400,-1,Unclassified,0.3360096514225006
6060,6572,1970-01-01 00:28:26.641500,1970-01-01 00:28:26.849400,-1,Unclassified,0.3062334954738617
6070,6582,1970-01-01 00:28:26.644500,1970-01-01 00:28:26.852400,-1,Unclassified,0.3282654285430908
6080,6592,1970-01-01 00:28:26.647500,1970-01-01 00:28:26.855400,-1,Unclassified,0.355274498462677
6090,6602,1970-01-01 00:28:26.650500,1970-01-01 00:28:26.858400,-1,Unclassified,0.2991088628768921
6100,6612,1970-01-01 00:28:26.653500,1970-01-01 00:28:26.861400,-1,Unclassified,0.3658064007759094
6110,6622,1970-01-01 00:28:26.656500,1970-01-01 00:28:26.864400,-1,Unclassified,0.3810499310493469
6120,6632,1970-01-01 00:28:26.659500,1970-01-01 00:28:26.867400,-1,Unclassified,0.3797140419483185
6130,6642,1970-01-01 00:28:26.662500,1970-01-01 00:28:26.870400,-1,Unclassified,0.3509349226951599
6140,6652,1970-01-01 00:28:26.665500,1970-01-01 00:28:26.873400,-1,Unclassified,0.283433735370636
6150,6662,1970-01-01 00:28:26.668500,1970-01-01 00:28:26.876400,-1,Unclassified,0.2756926715373993
6160,6672,1970-01-01 00:28:26.671500,1970-01-01 00:28:26.879400,-1,Unclassified,0.29189276695251465
6170,6682,1970-01-01 00:28:26.674500,1970-01-01 00:28:26.882400,-1,Unclassified,0.2505471110343933
6180,6692,1970-01-01 00:28:26.677500,1970-01-01 00:28:26.885400,-1,Unclassified,0.2932984232902527
6190,6702,1970-01-01 00:28:26.680500,1970-01-01 00:28:26.888400,-1,Unclassified,0.39750298857688904
6200,6712,1970-01-01 00:28:26.683500,1970-01-01 00:28:26.891400,-1,Unclassified,0.314623087644577
6210,6722,1970-01-01 00:28:26.686500,1970-01-01 00:28:26.894400,-1,Unclassified,0.40153783559799194
6220,6732,1970-01-01 00:28:26.689500,1970-01-01 00:28:26.897400,-1,Unclassified,0.40602853894233704
6230,6742,1970-01-01 00:28:26.692500,1970-01-01 00:28:26.900400,-1,Unclassified,0.5049421191215515
6240,6752,1970-01-01 00:28:26.695500,1970-01-01 00:28:26.903400,-1,Unclassified,0.40668997168540955
6250,6762,1970-01-01 00:28:26.698500,1970-01-01 00:28:26.906400,-1,Unclassified,0.4899277091026306
6260,6772,1970-01-01 00:28:26.701500,1970-01-01 00:28:26.909400,-1,Unclassified,0.4496670067310333
6270,6782,1970-01-01 00:28:26.704500,1970-01-01 00:28:27.085200,-1,Unclassified,0.45221856236457825
6280,6792,1970-01-01 00:28:26.707500,1970-01-01 00:28:27.088200,-1,Unclassified,0.3646998107433319
6290,6802,1970-01-01 00:28:26.710500,1970-01-01 00:28:27.091200,-1,Unclassified,0.48416668176651
6300,6812,1970-01-01 00:28:26.713500,1970-01-01 00:28:27.094200,-1,Unclassified,0.5096411108970642
6310,6822,1970-01-01 00:28:26.716500,1970-01-01 00:28:27.097200,-1,Unclassified,0.43226349353790283
6320,6832,1970-01-01 00:28:26.719500,1970-01-01 00:28:27.100200,-1,Unclassified,0.4451228976249695
6330,6842,1970-01-01 00:28:26.722500,1970-01-01 00:28:27.103200,-1,Unclassified,0.4200913608074188
6340,6852,1970-01-01 00:28:26.725500,1970-01-01 00:28:27.106200,-1,Unclassified,0.3569013476371765
6350,6862,1970-01-01 00:28:26.728500,1970-01-01 00:28:27.109200,0,Bearish Normal,0.5607283115386963
6360,6872,1970-01-01 00:28:26.731500,1970-01-01 00:28:27.112200,-1,Unclassified,0.4474744200706482
6370,6882,1970-01-01 00:28:26.734500,1970-01-01 00:28:27.115200,-1,Unclassified,0.47583433985710144
6380,6892,1970-01-01 00:28:26.737500,1970-01-01 00:28:27.118200,-1,Unclassified,0.4771616756916046
6390,6902,1970-01-01 00:28:26.740500,1970-01-01 00:28:27.121200,-1,Unclassified,0.46729791164398193
6400,6912,1970-01-01 00:28:26.743500,1970-01-01 00:28:27.124200,-1,Unclassified,0.4584905505180359
6410,6922,1970-01-01 00:28:26.746500,1970-01-01 00:28:27.127200,-1,Unclassified,0.4498613476753235
6420,6932,1970-01-01 00:28:26.804100,1970-01-01 00:28:27.130200,-1,Unclassified,0.34919872879981995
6430,6942,1970-01-01 00:28:26.807100,1970-01-01 00:28:27.133200,-1,Unclassified,0.38109689950942993
6440,6952,1970-01-01 00:28:26.810100,1970-01-01 00:28:27.136200,-1,Unclassified,0.4433726966381073
6450,6962,1970-01-01 00:28:26.813100,1970-01-01 00:28:27.139200,-1,Unclassified,0.4447747766971588
6460,6972,1970-01-01 00:28:26.816100,1970-01-01 00:28:27.142200,-1,Unclassified,0.4662371575832367
6470,6982,1970-01-01 00:28:26.819100,1970-01-01 00:28:27.145200,-1,Unclassified,0.4197431206703186
6480,6992,1970-01-01 00:28:26.822100,1970-01-01 00:28:27.148200,-1,Unclassified,0.4219735562801361
6490,7002,1970-01-01 00:28:26.825100,1970-01-01 00:28:27.151200,-1,Unclassified,0.4031819999217987
6500,7012,1970-01-01 00:28:26.828100,1970-01-01 00:28:27.154200,-1,Unclassified,0.43713706731796265
6510,7022,1970-01-01 00:28:26.831100,1970-01-01 00:28:27.157200,-1,Unclassified,0.4244585335254669
6520,7032,1970-01-01 00:28:26.834100,1970-01-01 00:28:27.160200,-1,Unclassified,0.45838767290115356
6530,7042,1970-01-01 00:28:26.837100,1970-01-01 00:28:27.163200,-1,Unclassified,0.42553016543388367
6540,7052,1970-01-01 00:28:26.840100,1970-01-01 00:28:27.166200,-1,Unclassified,0.4398112893104553
6550,7062,1970-01-01 00:28:26.843100,1970-01-01 00:28:27.169200,-1,Unclassified,0.4243628978729248
6560,7072,1970-01-01 00:28:26.846100,1970-01-01 00:28:27.172200,-1,Unclassified,0.4559173285961151
6570,7082,1970-01-01 00:28:26.849100,1970-01-01 00:28:27.175200,-1,Unclassified,0.4012565314769745
6580,7092,1970-01-01 00:28:26.852100,1970-01-01 00:28:27.178200,-1,Unclassified,0.46680977940559387
6590,7102,1970-01-01 00:28:26.855100,1970-01-01 00:28:27.181200,-1,Unclassified,0.40119504928588867
6600,7112,1970-01-01 00:28:26.858100,1970-01-01 00:28:27.184200,-1,Unclassified,0.4453889727592468
6610,7122,1970-01-01 00:28:26.861100,1970-01-01 00:28:27.187200,-1,Unclassified,0.41036126017570496
6620,7132,1970-01-01 00:28:26.864100,1970-01-01 00:28:27.190200,-1,Unclassified,0.4588012993335724
6630,7142,1970-01-01 00:28:26.867100,1970-01-01 00:28:27.193200,-1,Unclassified,0.4912034869194031
6640,7152,1970-01-01 00:28:26.870100,1970-01-01 00:28:27.196200,-1,Unclassified,0.5110570788383484
6650,7162,1970-01-01 00:28:26.873100,1970-01-01 00:28:27.199200,-1,Unclassified,0.5067139863967896
6660,7172,1970-01-01 00:28:26.876100,1970-01-01 00:28:27.202200,-1,Unclassified,0.3014094829559326
6670,7182,1970-01-01 00:28:26.879100,1970-01-01 00:28:27.205200,0,Bearish Normal,0.6030425429344177
6680,7192,1970-01-01 00:28:26.882100,1970-01-01 00:28:27.208200,-1,Unclassified,0.33511286973953247
6690,7202,1970-01-01 00:28:26.885100,1970-01-01 00:28:27.211200,-1,Unclassified,0.3816269636154175
6700,7212,1970-01-01 00:28:26.888100,1970-01-01 00:28:27.214200,-1,Unclassified,0.393330842256546
6710,7222,1970-01-01 00:28:26.891100,1970-01-01 00:28:27.217200,-1,Unclassified,0.2769116759300232
6720,7232,1970-01-01 00:28:26.894100,1970-01-01 00:28:27.220200,-1,Unclassified,0.3434028625488281
6730,7242,1970-01-01 00:28:26.897100,1970-01-01 00:28:27.223200,-1,Unclassified,0.33658236265182495
6740,7252,1970-01-01 00:28:26.900100,1970-01-01 00:28:27.226200,-1,Unclassified,0.3039108216762543
6750,7262,1970-01-01 00:28:26.903100,1970-01-01 00:28:27.229200,-1,Unclassified,0.35797277092933655
6760,7272,1970-01-01 00:28:26.906100,1970-01-01 00:28:27.232200,-1,Unclassified,0.36372625827789307
6770,7282,1970-01-01 00:28:26.909100,1970-01-01 00:28:27.235200,-1,Unclassified,0.3403269648551941
6780,7292,1970-01-01 00:28:27.084900,1970-01-01 00:28:27.238200,-1,Unclassified,0.4533255994319916
6790,7302,1970-01-01 00:28:27.087900,1970-01-01 00:28:27.241200,-1,Unclassified,0.24387218058109283
6800,7312,1970-01-01 00:28:27.090900,1970-01-01 00:28:27.244200,-1,Unclassified,0.3217093348503113
6810,7322,1970-01-01 00:28:27.093900,1970-01-01 00:28:27.247200,-1,Unclassified,0.2865624725818634
6820,7332,1970-01-01 00:28:27.096900,1970-01-01 00:28:27.250200,-1,Unclassified,0.31082579493522644
6830,7342,1970-01-01 00:28:27.099900,1970-01-01 00:28:27.253200,-1,Unclassified,0.3076702952384949
6840,7352,1970-01-01 00:28:27.102900,1970-01-01 00:28:27.256200,-1,Unclassified,0.3351161479949951
6850,7362,1970-01-01 00:28:27.105900,1970-01-01 00:28:27.259200,-1,Unclassified,0.31683793663978577
6860,7372,1970-01-01 00:28:27.108900,1970-01-01 00:28:27.262200,-1,Unclassified,0.400063157081604
6870,7382,1970-01-01 00:28:27.111900,1970-01-01 00:28:27.265200,-1,Unclassified,0.36391493678092957
6880,7392,1970-01-01 00:28:27.114900,1970-01-01 00:28:27.268200,-1,Unclassified,0.33782145380973816
6890,7402,1970-01-01 00:28:27.117900,1970-01-01 00:28:27.271200,-1,Unclassified,0.3451835811138153
6900,7412,1970-01-01 00:28:27.120900,1970-01-01 00:28:27.274200,-1,Unclassified,0.29094138741493225
6910,7422,1970-01-01 00:28:27.123900,1970-01-01 00:28:27.277200,-1,Unclassified,0.31415268778800964
6920,7432,1970-01-01 00:28:27.126900,1970-01-01 00:28:27.280200,-1,Unclassified,0.2667408585548401
6930,7442,1970-01-01 00:28:27.129900,1970-01-01 00:28:27.283200,-1,Unclassified,0.3915243446826935
6940,7452,1970-01-01 00:28:27.132900,1970-01-01 00:28:27.286200,-1,Unclassified,0.331084281206131
6950,7462,1970-01-01 00:28:27.135900,1970-01-01 00:28:27.289200,-1,Unclassified,0.29498979449272156
6960,7472,1970-01-01 00:28:27.138900,1970-01-01 00:28:27.292200,-1,Unclassified,0.3091040253639221
6970,7482,1970-01-01 00:28:27.141900,1970-01-01 00:28:27.295200,-1,Unclassified,0.3703535795211792
6980,7492,1970-01-01 00:28:27.144900,1970-01-01 00:28:27.298200,-1,Unclassified,0.26358160376548767
6990,7502,1970-01-01 00:28:27.147900,1970-01-01 00:28:27.301200,-1,Unclassified,0.3805640637874603
7000,7512,1970-01-01 00:28:27.150900,1970-01-01 00:28:27.304200,-1,Unclassified,0.30183616280555725
7010,7522,1970-01-01 00:28:27.153900,1970-01-01 00:28:27.307200,-1,Unclassified,0.3115377128124237
7020,7532,1970-01-01 00:28:27.156900,1970-01-01 00:28:27.310200,-1,Unclassified,0.3040774464607239
7030,7542,1970-01-01 00:28:27.159900,1970-01-01 00:28:27.313200,-1,Unclassified,0.33038845658302307
7040,7552,1970-01-01 00:28:27.162900,1970-01-01 00:28:27.316200,-1,Unclassified,0.3108815550804138
7050,7562,1970-01-01 00:28:27.165900,1970-01-01 00:28:27.319200,-1,Unclassified,0.3032732605934143
7060,7572,1970-01-01 00:28:27.168900,1970-01-01 00:28:27.322200,-1,Unclassified,0.28336969017982483
7070,7582,1970-01-01 00:28:27.171900,1970-01-01 00:28:27.325200,-1,Unclassified,0.268880158662796
7080,7592,1970-01-01 00:28:27.174900,1970-01-01 00:28:27.328200,-1,Unclassified,0.3508429229259491
7090,7602,1970-01-01 00:28:27.177900,1970-01-01 00:28:27.331200,-1,Unclassified,0.3407043218612671
7100,7612,1970-01-01 00:28:27.180900,1970-01-01 00:28:27.334200,-1,Unclassified,0.4068485200405121
7110,7622,1970-01-01 00:28:27.183900,1970-01-01 00:28:27.337200,-1,Unclassified,0.3505057096481323
7120,7632,1970-01-01 00:28:27.186900,1970-01-01 00:28:27.340200,-1,Unclassified,0.3851657807826996
7130,7642,1970-01-01 00:28:27.189900,1970-01-01 00:28:27.343200,-1,Unclassified,0.3443838059902191
7140,7652,1970-01-01 00:28:27.192900,1970-01-01 00:28:27.346200,-1,Unclassified,0.3814322054386139
7150,7662,1970-01-01 00:28:27.195900,1970-01-01 00:28:27.349200,-1,Unclassified,0.4022813141345978
7160,7672,1970-01-01 00:28:27.198900,1970-01-01 00:28:27.352200,-1,Unclassified,0.35389605164527893
7170,7682,1970-01-01 00:28:27.201900,1970-01-01 00:28:27.355200,-1,Unclassified,0.3474290072917938
7180,7692,1970-01-01 00:28:27.204900,1970-01-01 00:28:27.358200,-1,Unclassified,0.39754989743232727
7190,7702,1970-01-01 00:28:27.207900,1970-01-01 00:28:27.361200,-1,Unclassified,0.3634592294692993
7200,7712,1970-01-01 00:28:27.210900,1970-01-01 00:28:27.364200,-1,Unclassified,0.3461974859237671
7210,7722,1970-01-01 00:28:27.213900,1970-01-01 00:28:27.367200,-1,Unclassified,0.357361376285553
7220,7732,1970-01-01 00:28:27.216900,1970-01-01 00:28:27.370200,-1,Unclassified,0.32185643911361694
7230,7742,1970-01-01 00:28:27.219900,1970-01-01 00:28:27.373200,-1,Unclassified,0.2931636571884155
7240,7752,1970-01-01 00:28:27.222900,1970-01-01 00:28:27.376200,-1,Unclassified,0.34430912137031555
7250,7762,1970-01-01 00:28:27.225900,1970-01-01 00:28:27.379200,-1,Unclassified,0.44433826208114624
7260,7772,1970-01-01 00:28:27.228900,1970-01-01 00:28:27.382200,-1,Unclassified,0.41439369320869446
7270,7782,1970-01-01 00:28:27.231900,1970-01-01 00:28:27.385200,-1,Unclassified,0.2768094539642334
7280,7792,1970-01-01 00:28:27.234900,1970-01-01 00:28:27.388200,-1,Unclassified,0.5089815258979797
7290,7802,1970-01-01 00:28:27.237900,1970-01-01 00:28:27.391200,-1,Unclassified,0.30299022793769836
7300,7812,1970-01-01 00:28:27.240900,1970-01-01 00:28:27.394200,-1,Unclassified,0.29066264629364014
7310,7822,1970-01-01 00:28:27.243900,1970-01-01 00:28:27.397200,-1,Unclassified,0.30113691091537476
7320,7832,1970-01-01 00:28:27.246900,1970-01-01 00:28:27.400200,-1,Unclassified,0.29121723771095276
7330,7842,1970-01-01 00:28:27.249900,1970-01-01 00:28:27.403200,-1,Unclassified,0.33800482749938965
7340,7852,1970-01-01 00:28:27.252900,1970-01-01 00:28:27.406200,-1,Unclassified,0.2810617685317993
7350,7862,1970-01-01 00:28:27.255900,1970-01-01 00:28:27.409200,-1,Unclassified,0.25208407640457153
7360,7872,1970-01-01 00:28:27.258900,1970-01-01 00:28:27.412200,-1,Unclassified,0.3781186044216156
7370,7882,1970-01-01 00:28:27.261900,1970-01-01 00:28:27.415200,-1,Unclassified,0.3515593111515045
7380,7892,1970-01-01 00:28:27.264900,1970-01-01 00:28:27.418200,-1,Unclassified,0.4309672713279724
7390,7902,1970-01-01 00:28:27.267900,1970-01-01 00:28:27.421200,-1,Unclassified,0.30993589758872986
7400,7912,1970-01-01 00:28:27.270900,1970-01-01 00:28:27.424200,-1,Unclassified,0.4032392203807831
7410,7922,1970-01-01 00:28:27.273900,1970-01-01 00:28:27.427200,-1,Unclassified,0.35823535919189453
7420,7932,1970-01-01 00:28:27.276900,1970-01-01 00:28:27.430200,-1,Unclassified,0.431548148393631
7430,7942,1970-01-01 00:28:27.279900,1970-01-01 00:28:27.433200,-1,Unclassified,0.2828413248062134
7440,7952,1970-01-01 00:28:27.282900,1970-01-01 00:28:27.436200,-1,Unclassified,0.4315112829208374
7450,7962,1970-01-01 00:28:27.285900,1970-01-01 00:28:27.439200,-1,Unclassified,0.27993980050086975
7460,7972,1970-01-01 00:28:27.288900,1970-01-01 00:28:27.442200,-1,Unclassified,0.4170466363430023
7470,7982,1970-01-01 00:28:27.291900,1970-01-01 00:28:27.445200,-1,Unclassified,0.3240374028682709
7480,7992,1970-01-01 00:28:27.294900,1970-01-01 00:28:27.448200,-1,Unclassified,0.43409571051597595
7490,8002,1970-01-01 00:28:27.297900,1970-01-01 00:28:27.451200,-1,Unclassified,0.28525957465171814
7500,8012,1970-01-01 00:28:27.300900,1970-01-01 00:28:27.454200,-1,Unclassified,0.3154109716415405
7510,8022,1970-01-01 00:28:27.303900,1970-01-01 00:28:27.457200,-1,Unclassified,0.2671577036380768
7520,8032,1970-01-01 00:28:27.306900,1970-01-01 00:28:27.460200,-1,Unclassified,0.351904034614563
7530,8042,1970-01-01 00:28:27.309900,1970-01-01 00:28:27.463200,-1,Unclassified,0.36180511116981506
7540,8052,1970-01-01 00:28:27.312900,1970-01-01 00:28:27.466200,-1,Unclassified,0.3487335443496704
7550,8062,1970-01-01 00:28:27.315900,1970-01-01 00:28:27.469200,-1,Unclassified,0.2436642050743103
7560,8072,1970-01-01 00:28:27.318900,1970-01-01 00:28:27.472200,-1,Unclassified,0.40058833360671997
7570,8082,1970-01-01 00:28:27.321900,1970-01-01 00:28:27.475200,-1,Unclassified,0.23891033232212067
7580,8092,1970-01-01 00:28:27.324900,1970-01-01 00:28:27.478200,-1,Unclassified,0.25596192479133606
7590,8102,1970-01-01 00:28:27.327900,1970-01-01 00:28:27.481200,-1,Unclassified,0.31235936284065247
7600,8112,1970-01-01 00:28:27.330900,1970-01-01 00:28:27.484200,-1,Unclassified,0.2841837704181671
7610,8122,1970-01-01 00:28:27.333900,1970-01-01 00:28:27.487200,-1,Unclassified,0.4465729296207428
7620,8132,1970-01-01 00:28:27.336900,1970-01-01 00:28:27.490200,-1,Unclassified,0.38237637281417847
7630,8142,1970-01-01 00:28:27.339900,1970-01-01 00:28:27.493200,-1,Unclassified,0.46979865431785583
7640,8152,1970-01-01 00:28:27.342900,1970-01-01 00:28:27.496200,-1,Unclassified,0.3682827651500702
7650,8162,1970-01-01 00:28:27.345900,1970-01-01 00:28:27.499200,-1,Unclassified,0.3705800175666809
7660,8172,1970-01-01 00:28:27.348900,1970-01-01 00:28:27.502200,-1,Unclassified,0.37319114804267883
7670,8182,1970-01-01 00:28:27.351900,1970-01-01 00:28:27.505200,-1,Unclassified,0.40550342202186584
7680,8192,1970-01-01 00:28:27.354900,1970-01-01 00:28:27.508200,-1,Unclassified,0.3804567754268646
7690,8202,1970-01-01 00:28:27.357900,1970-01-01 00:28:27.511200,-1,Unclassified,0.3325302004814148
7700,8212,1970-01-01 00:28:27.360900,1970-01-01 00:28:27.514200,-1,Unclassified,0.3300667405128479
7710,8222,1970-01-01 00:28:27.363900,1970-01-01 00:28:27.690600,-1,Unclassified,0.27562445402145386
7720,8232,1970-01-01 00:28:27.366900,1970-01-01 00:28:27.693600,-1,Unclassified,0.30059245228767395
7730,8242,1970-01-01 00:28:27.369900,1970-01-01 00:28:27.696600,-1,Unclassified,0.5116424560546875
7740,8252,1970-01-01 00:28:27.372900,1970-01-01 00:28:27.699600,-1,Unclassified,0.39345303177833557
7750,8262,1970-01-01 00:28:27.375900,1970-01-01 00:28:27.702600,-1,Unclassified,0.3301601707935333
7760,8272,1970-01-01 00:28:27.378900,1970-01-01 00:28:27.705600,-1,Unclassified,0.3870103061199188
7770,8282,1970-01-01 00:28:27.381900,1970-01-01 00:28:27.708600,-1,Unclassified,0.38186225295066833
7780,8292,1970-01-01 00:28:27.384900,1970-01-01 00:28:27.711600,-1,Unclassified,0.342067688703537
7790,8302,1970-01-01 00:28:27.387900,1970-01-01 00:28:27.714600,-1,Unclassified,0.2713656425476074
7800,8312,1970-01-01 00:28:27.390900,1970-01-01 00:28:27.717600,-1,Unclassified,0.33053308725357056
7810,8322,1970-01-01 00:28:27.393900,1970-01-01 00:28:27.720600,-1,Unclassified,0.332562118768692
7820,8332,1970-01-01 00:28:27.396900,1970-01-01 00:28:27.723600,-1,Unclassified,0.33396440744400024
7830,8342,1970-01-01 00:28:27.399900,1970-01-01 00:28:27.726600,-1,Unclassified,0.26191070675849915
7840,8352,1970-01-01 00:28:27.402900,1970-01-01 00:28:27.729600,-1,Unclassified,0.34616562724113464
7850,8362,1970-01-01 00:28:27.405900,1970-01-01 00:28:27.732600,-1,Unclassified,0.234440416097641
7860,8372,1970-01-01 00:28:27.408900,1970-01-01 00:28:27.735600,-1,Unclassified,0.23469668626785278
7870,8382,1970-01-01 00:28:27.411900,1970-01-01 00:28:27.738600,-1,Unclassified,0.22592845559120178
7880,8392,1970-01-01 00:28:27.414900,1970-01-01 00:28:27.741600,-1,Unclassified,0.2312304824590683
7890,8402,1970-01-01 00:28:27.417900,1970-01-01 00:28:27.744600,-1,Unclassified,0.23151950538158417
7900,8412,1970-01-01 00:28:27.420900,1970-01-01 00:28:27.747600,-1,Unclassified,0.2306259572505951
7910,8422,1970-01-01 00:28:27.423900,1970-01-01 00:28:27.750600,-1,Unclassified,0.23151223361492157
7920,8432,1970-01-01 00:28:27.426900,1970-01-01 00:28:27.753600,-1,Unclassified,0.3000740706920624
7930,8442,1970-01-01 00:28:27.429900,1970-01-01 00:28:27.756600,-1,Unclassified,0.2196616530418396
7940,8452,1970-01-01 00:28:27.432900,1970-01-01 00:28:27.759600,-1,Unclassified,0.2436557114124298
7950,8462,1970-01-01 00:28:27.435900,1970-01-01 00:28:27.762600,-1,Unclassified,0.2705563008785248
7960,8472,1970-01-01 00:28:27.438900,1970-01-01 00:28:27.765600,-1,Unclassified,0.23753350973129272
7970,8482,1970-01-01 00:28:27.441900,1970-01-01 00:28:27.768600,-1,Unclassified,0.26384237408638
7980,8492,1970-01-01 00:28:27.444900,1970-01-01 00:28:27.771600,-1,Unclassified,0.23242853581905365
7990,8502,1970-01-01 00:28:27.447900,1970-01-01 00:28:27.774600,-1,Unclassified,0.2299255132675171
8000,8512,1970-01-01 00:28:27.450900,1970-01-01 00:28:27.777600,-1,Unclassified,0.26015058159828186
8010,8522,1970-01-01 00:28:27.453900,1970-01-01 00:28:27.780600,-1,Unclassified,0.24421490728855133
8020,8532,1970-01-01 00:28:27.456900,1970-01-01 00:28:27.783600,-1,Unclassified,0.2528153359889984
8030,8542,1970-01-01 00:28:27.459900,1970-01-01 00:28:27.786600,-1,Unclassified,0.2437472939491272
8040,8552,1970-01-01 00:28:27.462900,1970-01-01 00:28:27.789600,-1,Unclassified,0.2401607632637024
8050,8562,1970-01-01 00:28:27.465900,1970-01-01 00:28:27.792600,-1,Unclassified,0.23343302309513092
8060,8572,1970-01-01 00:28:27.468900,1970-01-01 00:28:27.795600,-1,Unclassified,0.24516093730926514
8070,8582,1970-01-01 00:28:27.471900,1970-01-01 00:28:27.798600,-1,Unclassified,0.22557863593101501
8080,8592,1970-01-01 00:28:27.474900,1970-01-01 00:28:27.801600,-1,Unclassified,0.251424640417099
8090,8602,1970-01-01 00:28:27.477900,1970-01-01 00:28:27.804600,-1,Unclassified,0.23765027523040771
8100,8612,1970-01-01 00:28:27.480900,1970-01-01 00:28:27.807600,-1,Unclassified,0.26381176710128784
8110,8622,1970-01-01 00:28:27.483900,1970-01-01 00:28:27.810600,-1,Unclassified,0.3239527940750122
8120,8632,1970-01-01 00:28:27.486900,1970-01-01 00:28:27.813600,-1,Unclassified,0.45123153924942017
8130,8642,1970-01-01 00:28:27.489900,1970-01-01 00:28:27.816600,-1,Unclassified,0.2965354323387146
8140,8652,1970-01-01 00:28:27.492900,1970-01-01 00:28:27.819600,-1,Unclassified,0.3135921061038971
8150,8662,1970-01-01 00:28:27.495900,1970-01-01 00:28:27.822600,-1,Unclassified,0.31718477606773376
8160,8672,1970-01-01 00:28:27.498900,1970-01-01 00:28:27.825600,-1,Unclassified,0.2714068293571472
8170,8682,1970-01-01 00:28:27.501900,1970-01-01 00:28:27.828600,-1,Unclassified,0.24608556926250458
8180,8692,1970-01-01 00:28:27.504900,1970-01-01 00:28:27.831600,-1,Unclassified,0.395934522151947
8190,8702,1970-01-01 00:28:27.507900,1970-01-01 00:28:27.834600,-1,Unclassified,0.29966509342193604
8200,8712,1970-01-01 00:28:27.510900,1970-01-01 00:28:27.837600,-1,Unclassified,0.4153292775154114
8210,8722,1970-01-01 00:28:27.513900,1970-01-01 00:28:27.840600,-1,Unclassified,0.38523247838020325
8220,8732,1970-01-01 00:28:27.690300,1970-01-01 00:28:27.843600,-1,Unclassified,0.3553870916366577
8230,8742,1970-01-01 00:28:27.693300,1970-01-01 00:28:27.846600,-1,Unclassified,0.41163399815559387
8240,8752,1970-01-01 00:28:27.696300,1970-01-01 00:28:27.849600,-1,Unclassified,0.48208045959472656
8250,8762,1970-01-01 00:28:27.699300,1970-01-01 00:28:27.852600,-1,Unclassified,0.411999374628067
8260,8772,1970-01-01 00:28:27.702300,1970-01-01 00:28:27.855600,-1,Unclassified,0.44759541749954224
8270,8782,1970-01-01 00:28:27.705300,1970-01-01 00:28:27.858600,-1,Unclassified,0.4564422070980072
8280,8792,1970-01-01 00:28:27.708300,1970-01-01 00:28:27.861600,-1,Unclassified,0.4459224343299866
8290,8802,1970-01-01 00:28:27.711300,1970-01-01 00:28:27.864600,-1,Unclassified,0.4153062105178833
8300,8812,1970-01-01 00:28:27.714300,1970-01-01 00:28:27.867600,-1,Unclassified,0.4594339430332184
8310,8822,1970-01-01 00:28:27.717300,1970-01-01 00:28:27.870600,-1,Unclassified,0.4350586533546448
8320,8832,1970-01-01 00:28:27.720300,1970-01-01 00:28:27.873600,-1,Unclassified,0.41274142265319824
8330,8842,1970-01-01 00:28:27.723300,1970-01-01 00:28:27.876600,-1,Unclassified,0.5367648601531982
8340,8852,1970-01-01 00:28:27.726300,1970-01-01 00:28:27.879600,-1,Unclassified,0.4777812957763672
8350,8862,1970-01-01 00:28:27.729300,1970-01-01 00:28:27.882600,-1,Unclassified,0.42927464842796326
8360,8872,1970-01-01 00:28:27.732300,1970-01-01 00:28:27.885600,-1,Unclassified,0.45761996507644653
8370,8882,1970-01-01 00:28:27.735300,1970-01-01 00:28:27.888600,-1,Unclassified,0.42154788970947266
8380,8892,1970-01-01 00:28:27.738300,1970-01-01 00:28:27.891600,-1,Unclassified,0.4340156614780426
8390,8902,1970-01-01 00:28:27.741300,1970-01-01 00:28:27.894600,-1,Unclassified,0.431971937417984
8400,8912,1970-01-01 00:28:27.744300,1970-01-01 00:28:27.897600,-1,Unclassified,0.4160723090171814
8410,8922,1970-01-01 00:28:27.747300,1970-01-01 00:28:27.900600,-1,Unclassified,0.4761268198490143
8420,8932,1970-01-01 00:28:27.750300,1970-01-01 00:28:27.903600,-1,Unclassified,0.4135276973247528
8430,8942,1970-01-01 00:28:27.753300,1970-01-01 00:28:27.906600,-1,Unclassified,0.43522804975509644
8440,8952,1970-01-01 00:28:27.756300,1970-01-01 00:28:27.909600,-1,Unclassified,0.4338138997554779
8450,8962,1970-01-01 00:28:27.759300,1970-01-01 00:28:27.912600,-1,Unclassified,0.45515209436416626
8460,8972,1970-01-01 00:28:27.762300,1970-01-01 00:28:27.915600,-1,Unclassified,0.5221295356750488
8470,8982,1970-01-01 00:28:27.765300,1970-01-01 00:28:27.918600,-1,Unclassified,0.44285279512405396
8480,8992,1970-01-01 00:28:27.768300,1970-01-01 00:28:27.921600,-1,Unclassified,0.47200658917427063
8490,9002,1970-01-01 00:28:27.771300,1970-01-01 00:28:27.924600,-1,Unclassified,0.45439204573631287
8500,9012,1970-01-01 00:28:27.774300,1970-01-01 00:28:27.927600,-1,Unclassified,0.48388344049453735
8510,9022,1970-01-01 00:28:27.777300,1970-01-01 00:28:27.930600,-1,Unclassified,0.4260466396808624
8520,9032,1970-01-01 00:28:27.780300,1970-01-01 00:28:27.933600,-1,Unclassified,0.4955326020717621
8530,9042,1970-01-01 00:28:27.783300,1970-01-01 00:28:27.936600,-1,Unclassified,0.41766810417175293
8540,9052,1970-01-01 00:28:27.786300,1970-01-01 00:28:27.939600,-1,Unclassified,0.5000946521759033
8550,9062,1970-01-01 00:28:27.789300,1970-01-01 00:28:27.942600,-1,Unclassified,0.4379679560661316
8560,9072,1970-01-01 00:28:27.792300,1970-01-01 00:28:27.945600,-1,Unclassified,0.49389708042144775
8570,9082,1970-01-01 00:28:27.795300,1970-01-01 00:28:27.948600,-1,Unclassified,0.44881579279899597
8580,9092,1970-01-01 00:28:27.798300,1970-01-01 00:28:27.951600,-1,Unclassified,0.4859485924243927
8590,9102,1970-01-01 00:28:27.801300,1970-01-01 00:28:27.954600,-1,Unclassified,0.4324389398097992
8600,9112,1970-01-01 00:28:27.804300,1970-01-01 00:28:27.957600,-1,Unclassified,0.4606759250164032
8610,9122,1970-01-01 00:28:27.807300,1970-01-01 00:28:27.960600,-1,Unclassified,0.4586614966392517
8620,9132,1970-01-01 00:28:27.810300,1970-01-01 00:28:27.963600,-1,Unclassified,0.5278675556182861
8630,9142,1970-01-01 00:28:27.813300,1970-01-01 00:28:27.966600,-1,Unclassified,0.45710399746894836
8640,9152,1970-01-01 00:28:27.816300,1970-01-01 00:28:27.969600,-1,Unclassified,0.48416584730148315
8650,9162,1970-01-01 00:28:27.819300,1970-01-01 00:28:27.972600,-1,Unclassified,0.46203935146331787
8660,9172,1970-01-01 00:28:27.822300,1970-01-01 00:28:27.975600,-1,Unclassified,0.5143932700157166
8670,9182,1970-01-01 00:28:27.825300,1970-01-01 00:28:27.978600,-1,Unclassified,0.25635507702827454
8680,9192,1970-01-01 00:28:27.828300,1970-01-01 00:28:27.981600,0,Bearish Normal,0.8109071254730225
8690,9202,1970-01-01 00:28:27.831300,1970-01-01 00:28:27.984600,-1,Unclassified,0.3917660713195801
8700,9212,1970-01-01 00:28:27.834300,1970-01-01 00:28:27.987600,-1,Unclassified,0.26350998878479004
8710,9222,1970-01-01 00:28:27.837300,1970-01-01 00:28:27.990600,-1,Unclassified,0.3691539168357849
8720,9232,1970-01-01 00:28:27.840300,1970-01-01 00:28:27.993600,-1,Unclassified,0.38047245144844055
8730,9242,1970-01-01 00:28:27.843300,1970-01-01 00:28:27.996600,-1,Unclassified,0.41515928506851196
8740,9252,1970-01-01 00:28:27.846300,1970-01-01 00:28:27.999600,-1,Unclassified,0.3250991404056549
8750,9262,1970-01-01 00:28:27.849300,1970-01-01 00:28:28.002600,-1,Unclassified,0.2952118217945099
8760,9272,1970-01-01 00:28:27.852300,1970-01-01 00:28:28.005600,-1,Unclassified,0.3739120066165924
8770,9282,1970-01-01 00:28:27.855300,1970-01-01 00:28:28.008600,-1,Unclassified,0.33406439423561096
8780,9292,1970-01-01 00:28:27.858300,1970-01-01 00:28:28.011600,-1,Unclassified,0.3126096725463867
8790,9302,1970-01-01 00:28:27.861300,1970-01-01 00:28:28.014600,-1,Unclassified,0.26150208711624146
8800,9312,1970-01-01 00:28:27.864300,1970-01-01 00:28:28.017600,-1,Unclassified,0.25703588128089905
8810,9322,1970-01-01 00:28:27.867300,1970-01-01 00:28:28.020600,-1,Unclassified,0.2829231917858124
8820,9332,1970-01-01 00:28:27.870300,1970-01-01 00:28:28.023600,-1,Unclassified,0.26515692472457886
8830,9342,1970-01-01 00:28:27.873300,1970-01-01 00:28:28.026600,-1,Unclassified,0.30103570222854614
8840,9352,1970-01-01 00:28:27.876300,1970-01-01 00:28:28.029600,-1,Unclassified,0.25679925084114075
8850,9362,1970-01-01 00:28:27.879300,1970-01-01 00:28:28.032600,-1,Unclassified,0.2880484461784363
8860,9372,1970-01-01 00:28:27.882300,1970-01-01 00:28:28.035600,-1,Unclassified,0.24946731328964233
8870,9382,1970-01-01 00:28:27.885300,1970-01-01 00:28:28.038600,-1,Unclassified,0.26772117614746094
8880,9392,1970-01-01 00:28:27.888300,1970-01-01 00:28:28.041600,-1,Unclassified,0.242927685379982
8890,9402,1970-01-01 00:28:27.891300,1970-01-01 00:28:28.044600,-1,Unclassified,0.2407882809638977
8900,9412,1970-01-01 00:28:27.894300,1970-01-01 00:28:28.047600,-1,Unclassified,0.2636336386203766
8910,9422,1970-01-01 00:28:27.897300,1970-01-01 00:28:28.050600,-1,Unclassified,0.2866440713405609
8920,9432,1970-01-01 00:28:27.900300,1970-01-01 00:28:28.053600,-1,Unclassified,0.25329962372779846
8930,9442,1970-01-01 00:28:27.903300,1970-01-01 00:28:28.056600,-1,Unclassified,0.2692481577396393
8940,9452,1970-01-01 00:28:27.906300,1970-01-01 00:28:28.059600,-1,Unclassified,0.274075984954834
8950,9462,1970-01-01 00:28:27.909300,1970-01-01 00:28:28.062600,-1,Unclassified,0.27735352516174316
8960,9472,1970-01-01 00:28:27.912300,1970-01-01 00:28:28.065600,-1,Unclassified,0.2755092978477478
8970,9482,1970-01-01 00:28:27.915300,1970-01-01 00:28:28.068600,-1,Unclassified,0.28942814469337463
8980,9492,1970-01-01 00:28:27.918300,1970-01-01 00:28:28.071600,-1,Unclassified,0.22246558964252472
8990,9502,1970-01-01 00:28:27.921300,1970-01-01 00:28:28.074600,-1,Unclassified,0.30330026149749756
9000,9512,1970-01-01 00:28:27.924300,1970-01-01 00:28:28.077600,-1,Unclassified,0.2503871023654938
9010,9522,1970-01-01 00:28:27.927300,1970-01-01 00:28:28.080600,-1,Unclassified,0.29410168528556824
9020,9532,1970-01-01 00:28:27.930300,1970-01-01 00:28:28.083600,-1,Unclassified,0.3065025806427002
9030,9542,1970-01-01 00:28:27.933300,1970-01-01 00:28:28.086600,-1,Unclassified,0.31965628266334534
9040,9552,1970-01-01 00:28:27.936300,1970-01-01 00:28:28.089600,-1,Unclassified,0.24494382739067078
9050,9562,1970-01-01 00:28:27.939300,1970-01-01 00:28:28.092600,-1,Unclassified,0.3321835994720459
9060,9572,1970-01-01 00:28:27.942300,1970-01-01 00:28:28.095600,-1,Unclassified,0.2399453967809677
9070,9582,1970-01-01 00:28:27.945300,1970-01-01 00:28:28.098600,-1,Unclassified,0.49983930587768555
9080,9592,1970-01-01 00:28:27.948300,1970-01-01 00:28:28.101600,-1,Unclassified,0.4863806962966919
9090,9602,1970-01-01 00:28:27.951300,1970-01-01 00:28:28.104600,-1,Unclassified,0.43795493245124817
9100,9612,1970-01-01 00:28:27.954300,1970-01-01 00:28:28.107600,-1,Unclassified,0.4198865592479706
9110,9622,1970-01-01 00:28:27.957300,1970-01-01 00:28:28.110600,3,Bullish Normal,0.5676708221435547
9120,9632,1970-01-01 00:28:27.960300,1970-01-01 00:28:28.113600,-1,Unclassified,0.4410153329372406
9130,9642,1970-01-01 00:28:27.963300,1970-01-01 00:28:28.116600,-1,Unclassified,0.43356040120124817
9140,9652,1970-01-01 00:28:27.966300,1970-01-01 00:28:28.119600,-1,Unclassified,0.4274252951145172
9150,9662,1970-01-01 00:28:27.969300,1970-01-01 00:28:28.295400,-1,Unclassified,0.486503005027771
9160,9672,1970-01-01 00:28:27.972300,1970-01-01 00:28:28.298400,-1,Unclassified,0.4444964528083801
9170,9682,1970-01-01 00:28:27.975300,1970-01-01 00:28:28.301400,3,Bullish Normal,0.5745204091072083
9180,9692,1970-01-01 00:28:27.978300,1970-01-01 00:28:28.304400,-1,Unclassified,0.45250555872917175
9190,9702,1970-01-01 00:28:27.981300,1970-01-01 00:28:28.307400,-1,Unclassified,0.448225200176239
9200,9712,1970-01-01 00:28:27.984300,1970-01-01 00:28:28.310400,-1,Unclassified,0.38512730598449707
9210,9722,1970-01-01 00:28:27.987300,1970-01-01 00:28:28.313400,-1,Unclassified,0.5298166275024414
9220,9732,1970-01-01 00:28:27.990300,1970-01-01 00:28:28.316400,-1,Unclassified,0.3717556297779083
9230,9742,1970-01-01 00:28:27.993300,1970-01-01 00:28:28.319400,-1,Unclassified,0.5021037459373474
9240,9752,1970-01-01 00:28:27.996300,1970-01-01 00:28:28.322400,-1,Unclassified,0.43051332235336304
9250,9762,1970-01-01 00:28:27.999300,1970-01-01 00:28:28.325400,3,Bullish Normal,0.5805171728134155
9260,9772,1970-01-01 00:28:28.002300,1970-01-01 00:28:28.328400,-1,Unclassified,0.4438384175300598
9270,9782,1970-01-01 00:28:28.005300,1970-01-01 00:28:28.331400,-1,Unclassified,0.5069417357444763
9280,9792,1970-01-01 00:28:28.008300,1970-01-01 00:28:28.334400,-1,Unclassified,0.3953254222869873
9290,9802,1970-01-01 00:28:28.011300,1970-01-01 00:28:28.337400,-1,Unclassified,0.36373981833457947
9300,9812,1970-01-01 00:28:28.014300,1970-01-01 00:28:28.340400,-1,Unclassified,0.3535346984863281
9310,9822,1970-01-01 00:28:28.017300,1970-01-01 00:28:28.343400,-1,Unclassified,0.5121968388557434
9320,9832,1970-01-01 00:28:28.020300,1970-01-01 00:28:28.346400,-1,Unclassified,0.3627009391784668
9330,9842,1970-01-01 00:28:28.023300,1970-01-01 00:28:28.349400,-1,Unclassified,0.36773842573165894
9340,9852,1970-01-01 00:28:28.026300,1970-01-01 00:28:28.352400,-1,Unclassified,0.28855636715888977
9350,9862,1970-01-01 00:28:28.029300,1970-01-01 00:28:28.355400,-1,Unclassified,0.2671743631362915
9360,9872,1970-01-01 00:28:28.032300,1970-01-01 00:28:28.358400,-1,Unclassified,0.2621456980705261
9370,9882,1970-01-01 00:28:28.035300,1970-01-01 00:28:28.361400,-1,Unclassified,0.3763927221298218
9380,9892,1970-01-01 00:28:28.038300,1970-01-01 00:28:28.364400,-1,Unclassified,0.3385080397129059
9390,9902,1970-01-01 00:28:28.041300,1970-01-01 00:28:28.367400,-1,Unclassified,0.5471375584602356
9400,9912,1970-01-01 00:28:28.044300,1970-01-01 00:28:28.370400,-1,Unclassified,0.438098281621933
9410,9922,1970-01-01 00:28:28.047300,1970-01-01 00:28:28.373400,-1,Unclassified,0.49314698576927185
9420,9932,1970-01-01 00:28:28.050300,1970-01-01 00:28:28.376400,-1,Unclassified,0.37951505184173584
9430,9942,1970-01-01 00:28:28.053300,1970-01-01 00:28:28.379400,-1,Unclassified,0.511834979057312
9440,9952,1970-01-01 00:28:28.056300,1970-01-01 00:28:28.382400,-1,Unclassified,0.37610283493995667
9450,9962,1970-01-01 00:28:28.059300,1970-01-01 00:28:28.385400,-1,Unclassified,0.4718324840068817
9460,9972,1970-01-01 00:28:28.062300,1970-01-01 00:28:28.388400,-1,Unclassified,0.26348230242729187
9470,9982,1970-01-01 00:28:28.065300,1970-01-01 00:28:28.391400,-1,Unclassified,0.3065464496612549
9480,9992,1970-01-01 00:28:28.068300,1970-01-01 00:28:28.394400,-1,Unclassified,0.37992337346076965
9490,10002,1970-01-01 00:28:28.071300,1970-01-01 00:28:28.397400,-1,Unclassified,0.2921636402606964
